team_name,team_logo,name,position,picture,country,age
Monaco,https://cdn.ssref.net/nocdn/tlogo/fb/fd6114db.png,Philipp Köhn,GK,https://fbref.com/req/202302030/images/headshots/ff74841d_2022.jpg,ch SUI,26
Monaco,https://cdn.ssref.net/nocdn/tlogo/fb/fd6114db.png,Denis Zakaria,MF,https://fbref.com/req/202302030/images/headshots/384d58d9_2022.jpg,ch SUI,27
Monaco,https://cdn.ssref.net/nocdn/tlogo/fb/fd6114db.png,Eliesse Ben Seghir,MF,https://fbref.com/req/202302030/images/headshots/3bd65247_2022.jpg,ma MAR,19
Monaco,https://cdn.ssref.net/nocdn/tlogo/fb/fd6114db.png,Vanderson,DF,https://fbref.com/req/202302030/images/headshots/ee45fd85_2022.jpg,br BRA,23
Monaco,https://cdn.ssref.net/nocdn/tlogo/fb/fd6114db.png,Thilo Kehrer,DF,https://fbref.com/req/202302030/images/headshots/51dbeea9_2022.jpg,de GER,28
Monaco,https://cdn.ssref.net/nocdn/tlogo/fb/fd6114db.png,Takumi Minamino,MF,https://fbref.com/req/202302030/images/headshots/f833a830_2022.jpg,jp JPN,29
Monaco,https://cdn.ssref.net/nocdn/tlogo/fb/fd6114db.png,Lamine Camara,MF,https://fbref.com/req/202302030/images/headshots/19c2ffa4_2022.jpg,sn SEN,20
Monaco,https://cdn.ssref.net/nocdn/tlogo/fb/fd6114db.png,Folarin Balogun,FW,https://fbref.com/req/202302030/images/headshots/31822f8c_2022.jpg,us USA,23
Monaco,https://cdn.ssref.net/nocdn/tlogo/fb/fd6114db.png,Maghnes Akliouche,FW,https://fbref.com/req/202302030/images/headshots/b625b241_2022.jpg,fr FRA,22
Monaco,https://cdn.ssref.net/nocdn/tlogo/fb/fd6114db.png,Mohammed Salisu,DF,https://fbref.com/req/202302030/images/headshots/0b33f6ad_2022.jpg,gh GHA,25
Monaco,https://cdn.ssref.net/nocdn/tlogo/fb/fd6114db.png,Wilfried Singo,DF,https://fbref.com/req/202302030/images/headshots/8b609c34_2022.jpg,ci CIV,23
Monaco,https://cdn.ssref.net/nocdn/tlogo/fb/fd6114db.png,Breel Embolo,FW,https://fbref.com/req/202302030/images/headshots/0b4f388a_2022.jpg,ch SUI,27
Monaco,https://cdn.ssref.net/nocdn/tlogo/fb/fd6114db.png,Caio Henrique Oliveira Silva,DF,https://fbref.com/req/202302030/images/headshots/30af8b93_2022.jpg,br BRA,27
Monaco,https://cdn.ssref.net/nocdn/tlogo/fb/fd6114db.png,Aleksandr Golovin,MF,https://fbref.com/req/202302030/images/headshots/3708e9fa_2022.jpg,ru RUS,28
Monaco,https://cdn.ssref.net/nocdn/tlogo/fb/fd6114db.png,Ismail Jakobs,DF,https://fbref.com/req/202302030/images/headshots/a0415710_2022.jpg,sn SEN,25
Monaco,https://cdn.ssref.net/nocdn/tlogo/fb/fd6114db.png,Soungoutou Magassa,MF,https://fbref.com/req/202302030/images/headshots/dfc5d4fa_2022.jpg,fr FRA,21
Monaco,https://cdn.ssref.net/nocdn/tlogo/fb/fd6114db.png,Jordan Teze,DF,https://fbref.com/req/202302030/images/headshots/82e9b1bb_2022.jpg,nl NED,25
Monaco,https://cdn.ssref.net/nocdn/tlogo/fb/fd6114db.png,Christian Mawissa,DF,https://fbref.com/req/202302030/images/headshots/2c70d915_2022.jpg,fr FRA,19
Monaco,https://cdn.ssref.net/nocdn/tlogo/fb/fd6114db.png,Kassoum Ouattara,DF,https://fbref.com/req/202302030/images/headshots/6620c21a_2022.jpg,fr FRA,19
Monaco,https://cdn.ssref.net/nocdn/tlogo/fb/fd6114db.png,George Ilenikhena,FW,https://img.freepik.com/free-vector/blue-circle-with-white-user_78370-4707.jpg?t=st=1726169296~exp=1726172896~hmac=c369fdbb9efe89fcdb13b0bd15bc6b62b3db3fad7e4b8a52064909e6b818e930&w=826,fr FRA,18
Monaco,https://cdn.ssref.net/nocdn/tlogo/fb/fd6114db.png,Krépin Diatta,DF,https://fbref.com/req/202302030/images/headshots/8104e41e_2022.jpg,sn SEN,25
Monaco,https://cdn.ssref.net/nocdn/tlogo/fb/fd6114db.png,Eliot Matazo,MF,https://fbref.com/req/202302030/images/headshots/15944afd_2022.jpg,be BEL,22
Monaco,https://cdn.ssref.net/nocdn/tlogo/fb/fd6114db.png,Edan Diop,MF,https://fbref.com/req/202302030/images/headshots/37143438_2022.jpg,fr FRA,20
Monaco,https://cdn.ssref.net/nocdn/tlogo/fb/fd6114db.png,Yann Liénard,GK,https://fbref.com/req/202302030/images/headshots/5216036b_2022.jpg,fr FRA,21
Monaco,https://cdn.ssref.net/nocdn/tlogo/fb/fd6114db.png,Radosław Majecki,GK,https://fbref.com/req/202302030/images/headshots/20de219a_2022.jpg,pl POL,24
Monaco,https://cdn.ssref.net/nocdn/tlogo/fb/fd6114db.png,Guillermo Maripán,DF,https://fbref.com/req/202302030/images/headshots/d9764034_2022.jpg,cl CHI,30
Paris S-G,https://cdn.ssref.net/nocdn/tlogo/fb/e2d8892c.png,Willian Pacho,DF,https://fbref.com/req/202302030/images/headshots/ecbe2839_2022.jpg,ec ECU,22
Paris S-G,https://cdn.ssref.net/nocdn/tlogo/fb/e2d8892c.png,Achraf Hakimi,DF,https://fbref.com/req/202302030/images/headshots/e42d61c7_2022.jpg,ma MAR,25
Paris S-G,https://cdn.ssref.net/nocdn/tlogo/fb/e2d8892c.png,João Neves,MF,https://fbref.com/req/202302030/images/headshots/c2a15a27_2022.jpg,pt POR,20
Paris S-G,https://cdn.ssref.net/nocdn/tlogo/fb/e2d8892c.png,Warren Zaïre-Emery,MF,https://fbref.com/req/202302030/images/headshots/6b9960cf_2022.jpg,fr FRA,18
Paris S-G,https://cdn.ssref.net/nocdn/tlogo/fb/e2d8892c.png,Bradley Barcola,FW,https://fbref.com/req/202302030/images/headshots/a0d55a09_2022.jpg,fr FRA,22
Paris S-G,https://cdn.ssref.net/nocdn/tlogo/fb/e2d8892c.png,Gianluigi Donnarumma,GK,https://fbref.com/req/202302030/images/headshots/08f5afaa_2022.jpg,it ITA,25
Paris S-G,https://cdn.ssref.net/nocdn/tlogo/fb/e2d8892c.png,Marquinhos,DF,https://fbref.com/req/202302030/images/headshots/d5f2f82b_2022.jpg,br BRA,30
Paris S-G,https://cdn.ssref.net/nocdn/tlogo/fb/e2d8892c.png,Lucas Beraldo,DF,https://fbref.com/req/202302030/images/headshots/b8aedf06_2022.jpg,br BRA,20
Paris S-G,https://cdn.ssref.net/nocdn/tlogo/fb/e2d8892c.png,Ousmane Dembélé,FW,https://fbref.com/req/202302030/images/headshots/b19db005_2022.jpg,fr FRA,27
Paris S-G,https://cdn.ssref.net/nocdn/tlogo/fb/e2d8892c.png,Lee Kang-in,FW,https://fbref.com/req/202302030/images/headshots/8455ad90_2022.jpg,kr KOR,23
Paris S-G,https://cdn.ssref.net/nocdn/tlogo/fb/e2d8892c.png,Vitinha,MF,https://fbref.com/req/202302030/images/headshots/3b029691_2022.jpg,pt POR,24
Paris S-G,https://cdn.ssref.net/nocdn/tlogo/fb/e2d8892c.png,Marco Asensio,FW,https://fbref.com/req/202302030/images/headshots/45af8a54_2022.jpg,es ESP,28
Paris S-G,https://cdn.ssref.net/nocdn/tlogo/fb/e2d8892c.png,Fabián Ruiz Peña,MF,https://fbref.com/req/202302030/images/headshots/c0c7ff58_2022.jpg,es ESP,28
Paris S-G,https://cdn.ssref.net/nocdn/tlogo/fb/e2d8892c.png,Nuno Mendes,DF,https://fbref.com/req/202302030/images/headshots/f20e4cc9_2022.jpg,pt POR,22
Paris S-G,https://cdn.ssref.net/nocdn/tlogo/fb/e2d8892c.png,Randal Kolo Muani,FW,https://fbref.com/req/202302030/images/headshots/c0b3669f_2022.jpg,fr FRA,25
Paris S-G,https://cdn.ssref.net/nocdn/tlogo/fb/e2d8892c.png,Matvei Safonov,GK,https://fbref.com/req/202302030/images/headshots/d97b252e_2022.jpg,ru RUS,25
Paris S-G,https://cdn.ssref.net/nocdn/tlogo/fb/e2d8892c.png,Désiré Doué,FW,https://fbref.com/req/202302030/images/headshots/9e7483ff_2022.jpg,fr FRA,19
Paris S-G,https://cdn.ssref.net/nocdn/tlogo/fb/e2d8892c.png,Milan Škriniar,DF,https://fbref.com/req/202302030/images/headshots/30f5ffa9_2022.jpg,sk SVK,29
Paris S-G,https://cdn.ssref.net/nocdn/tlogo/fb/e2d8892c.png,Ibrahim Mbaye,FW,https://img.freepik.com/free-vector/blue-circle-with-white-user_78370-4707.jpg?t=st=1726169296~exp=1726172896~hmac=c369fdbb9efe89fcdb13b0bd15bc6b62b3db3fad7e4b8a52064909e6b818e930&w=826,fr FRA,16
Paris S-G,https://cdn.ssref.net/nocdn/tlogo/fb/e2d8892c.png,Yoram Zague,DF,https://fbref.com/req/202302030/images/headshots/5ce497e2_2022.jpg,fr FRA,18
Paris S-G,https://cdn.ssref.net/nocdn/tlogo/fb/e2d8892c.png,Gonçalo Ramos,FW,https://fbref.com/req/202302030/images/headshots/f63cda26_2022.jpg,pt POR,23
Paris S-G,https://cdn.ssref.net/nocdn/tlogo/fb/e2d8892c.png,Senny Mayulu,MF,https://fbref.com/req/202302030/images/headshots/bac89b96_2022.jpg,fr FRA,18
Paris S-G,https://cdn.ssref.net/nocdn/tlogo/fb/e2d8892c.png,Naoufel El Hannach,DF,https://fbref.com/req/202302030/images/headshots/f9b69340_2022.jpg,ma MAR,17
Paris S-G,https://cdn.ssref.net/nocdn/tlogo/fb/e2d8892c.png,Carlos Soler,MF,https://fbref.com/req/202302030/images/headshots/fed17f5a_2022.jpg,es ESP,27
Paris S-G,https://cdn.ssref.net/nocdn/tlogo/fb/e2d8892c.png,Arnau Tenas,GK,https://fbref.com/req/202302030/images/headshots/30670b0e_2022.jpg,es ESP,23
Marseille,https://cdn.ssref.net/req/202409272/tlogo/fb/5725cc7b.png,Gerónimo Rulli,GK,https://fbref.com/req/202302030/images/headshots/625c144a_2022.jpg,ar ARG,32
Marseille,https://cdn.ssref.net/req/202409272/tlogo/fb/5725cc7b.png,Michael Amir Murillo,DF,https://fbref.com/req/202302030/images/headshots/349cae8f_2022.jpg,pa PAN,28
Marseille,https://cdn.ssref.net/req/202409272/tlogo/fb/5725cc7b.png,Pierre Højbjerg,MF,https://fbref.com/req/202302030/images/headshots/8b04d6c1_2022.jpg,dk DEN,29
Marseille,https://cdn.ssref.net/req/202409272/tlogo/fb/5725cc7b.png,Mason Greenwood,FW,https://fbref.com/req/202302030/images/headshots/58eee997_2022.jpg,eng ENG,23
Marseille,https://cdn.ssref.net/req/202409272/tlogo/fb/5725cc7b.png,Luis Henrique,FW,https://fbref.com/req/202302030/images/headshots/f36d5624_2022.jpg,br BRA,22
Marseille,https://cdn.ssref.net/req/202409272/tlogo/fb/5725cc7b.png,Geoffrey Kondogbia,MF,https://fbref.com/req/202302030/images/headshots/cce181df_2022.jpg,cf CTA,31
Marseille,https://cdn.ssref.net/req/202409272/tlogo/fb/5725cc7b.png,Amine Harit,MF,https://fbref.com/req/202302030/images/headshots/e7d59f4f_2022.jpg,ma MAR,27
Marseille,https://cdn.ssref.net/req/202409272/tlogo/fb/5725cc7b.png,Lilian Brassier,DF,https://fbref.com/req/202302030/images/headshots/5b146df3_2022.jpg,fr FRA,24
Marseille,https://cdn.ssref.net/req/202409272/tlogo/fb/5725cc7b.png,Derek Cornelius,DF,https://fbref.com/req/202302030/images/headshots/577744b8_2022.jpg,ca CAN,26
Marseille,https://cdn.ssref.net/req/202409272/tlogo/fb/5725cc7b.png,Elye Wahi,FW,https://fbref.com/req/202302030/images/headshots/0d7b6576_2022.jpg,fr FRA,21
Marseille,https://cdn.ssref.net/req/202409272/tlogo/fb/5725cc7b.png,Leonardo Balerdi,DF,https://fbref.com/req/202302030/images/headshots/7c3ed041_2022.jpg,ar ARG,25
Marseille,https://cdn.ssref.net/req/202409272/tlogo/fb/5725cc7b.png,Quentin Merlin,DF,https://fbref.com/req/202302030/images/headshots/0bfca6a1_2022.jpg,fr FRA,22
Marseille,https://cdn.ssref.net/req/202409272/tlogo/fb/5725cc7b.png,Neal Maupay,FW,https://fbref.com/req/202302030/images/headshots/4bcf39f6_2022.jpg,fr FRA,28
Marseille,https://cdn.ssref.net/req/202409272/tlogo/fb/5725cc7b.png,Ismaël Koné,MF,https://fbref.com/req/202302030/images/headshots/e0220b70_2022.jpg,ca CAN,22
Marseille,https://cdn.ssref.net/req/202409272/tlogo/fb/5725cc7b.png,Valentin Rongier,DF,https://fbref.com/req/202302030/images/headshots/ed45c4a5_2022.jpg,fr FRA,29
Marseille,https://cdn.ssref.net/req/202409272/tlogo/fb/5725cc7b.png,Pol Lirola,DF,https://fbref.com/req/202302030/images/headshots/ff800ed8_2022.jpg,es ESP,27
Marseille,https://cdn.ssref.net/req/202409272/tlogo/fb/5725cc7b.png,Ulisses Garcia,DF,https://fbref.com/req/202302030/images/headshots/c952f633_2022.jpg,ch SUI,28
Marseille,https://cdn.ssref.net/req/202409272/tlogo/fb/5725cc7b.png,Valentin Carboni,MF,https://fbref.com/req/202302030/images/headshots/707b98f1_2022.jpg,ar ARG,19
Marseille,https://cdn.ssref.net/req/202409272/tlogo/fb/5725cc7b.png,Jon Rowe,FW,https://fbref.com/req/202302030/images/headshots/8c12f884_2022.jpg,eng ENG,21
Marseille,https://cdn.ssref.net/req/202409272/tlogo/fb/5725cc7b.png,Adrien Rabiot,MF,https://fbref.com/req/202302030/images/headshots/8794e251_2022.jpg,fr FRA,29
Marseille,https://cdn.ssref.net/req/202409272/tlogo/fb/5725cc7b.png,Bamo Meïté,DF,https://fbref.com/req/202302030/images/headshots/04ac78d2_2022.jpg,ci CIV,22
Marseille,https://cdn.ssref.net/req/202409272/tlogo/fb/5725cc7b.png,Enzo Sternal,FW,https://img.freepik.com/free-vector/blue-circle-with-white-user_78370-4707.jpg?t=st=1726169296~exp=1726172896~hmac=c369fdbb9efe89fcdb13b0bd15bc6b62b3db3fad7e4b8a52064909e6b818e930&w=826,fr FRA,17
Marseille,https://cdn.ssref.net/req/202409272/tlogo/fb/5725cc7b.png,Faris Pemi Moumbagna,FW,https://fbref.com/req/202302030/images/headshots/58aae0a9_2022.jpg,cm CMR,24
Marseille,https://cdn.ssref.net/req/202409272/tlogo/fb/5725cc7b.png,Keyliane Abdallah,FW,https://img.freepik.com/free-vector/blue-circle-with-white-user_78370-4707.jpg?t=st=1726169296~exp=1726172896~hmac=c369fdbb9efe89fcdb13b0bd15bc6b62b3db3fad7e4b8a52064909e6b818e930&w=826,fr FRA,18
Marseille,https://cdn.ssref.net/req/202409272/tlogo/fb/5725cc7b.png,Darryl Bakola,MF,https://img.freepik.com/free-vector/blue-circle-with-white-user_78370-4707.jpg?t=st=1726169296~exp=1726172896~hmac=c369fdbb9efe89fcdb13b0bd15bc6b62b3db3fad7e4b8a52064909e6b818e930&w=826,fr FRA,16
Marseille,https://cdn.ssref.net/req/202409272/tlogo/fb/5725cc7b.png,Salim Ben Seghir,FW,https://fbref.com/req/202302030/images/headshots/1f6298f2_2022.jpg,fr FRA,21
Marseille,https://cdn.ssref.net/req/202409272/tlogo/fb/5725cc7b.png,Jeffrey De Lange,GK,https://fbref.com/req/202302030/images/headshots/c31cf14b_2022.jpg,nl NED,26
Marseille,https://cdn.ssref.net/req/202409272/tlogo/fb/5725cc7b.png,Emmanuel Koum Mbondo,FW,https://img.freepik.com/free-vector/blue-circle-with-white-user_78370-4707.jpg?t=st=1726169296~exp=1726172896~hmac=c369fdbb9efe89fcdb13b0bd15bc6b62b3db3fad7e4b8a52064909e6b818e930&w=826,fr FRA,18
Marseille,https://cdn.ssref.net/req/202409272/tlogo/fb/5725cc7b.png,Gael Lafont,FW,https://img.freepik.com/free-vector/blue-circle-with-white-user_78370-4707.jpg?t=st=1726169296~exp=1726172896~hmac=c369fdbb9efe89fcdb13b0bd15bc6b62b3db3fad7e4b8a52064909e6b818e930&w=826,fr FRA,18
Marseille,https://cdn.ssref.net/req/202409272/tlogo/fb/5725cc7b.png,Roggerio Nyakossi,DF,https://fbref.com/req/202302030/images/headshots/2e64644b_2022.jpg,ch SUI,20
Reims,https://cdn.ssref.net/req/202409272/tlogo/fb/7fdd64e0.png,Emmanuel Agbadou,DF,https://fbref.com/req/202302030/images/headshots/75f1ed80_2022.jpg,ci CIV,27
Reims,https://cdn.ssref.net/req/202409272/tlogo/fb/7fdd64e0.png,Yehvann Diouf,GK,https://fbref.com/req/202302030/images/headshots/eedea60b_2022.jpg,fr FRA,24
Reims,https://cdn.ssref.net/req/202409272/tlogo/fb/7fdd64e0.png,Marshall Munetsi,MF,https://fbref.com/req/202302030/images/headshots/2acf0cd7_2022.jpg,zw ZIM,28
Reims,https://cdn.ssref.net/req/202409272/tlogo/fb/7fdd64e0.png,Junya Ito,FW,https://fbref.com/req/202302030/images/headshots/dbd3a428_2022.jpg,jp JPN,31
Reims,https://cdn.ssref.net/req/202409272/tlogo/fb/7fdd64e0.png,Valentin Atangana Edoa,MF,https://fbref.com/req/202302030/images/headshots/6b5edd5d_2022.jpg,fr FRA,19
Reims,https://cdn.ssref.net/req/202409272/tlogo/fb/7fdd64e0.png,Oumar Diakité,FW,https://fbref.com/req/202302030/images/headshots/44435c8f_2022.jpg,ci CIV,20
Reims,https://cdn.ssref.net/req/202409272/tlogo/fb/7fdd64e0.png,Keito Nakamura,FW,https://fbref.com/req/202302030/images/headshots/d97af612_2022.jpg,jp JPN,24
Reims,https://cdn.ssref.net/req/202409272/tlogo/fb/7fdd64e0.png,Yaya Kader Fofana,MF,https://fbref.com/req/202302030/images/headshots/cedc53d2_2022.jpg,ml MLI,20
Reims,https://cdn.ssref.net/req/202409272/tlogo/fb/7fdd64e0.png,Aurélio Buta,DF,https://fbref.com/req/202302030/images/headshots/b4705807_2022.jpg,pt POR,27
Reims,https://cdn.ssref.net/req/202409272/tlogo/fb/7fdd64e0.png,Nhoa Sangui,DF,https://fbref.com/req/202302030/images/headshots/3f465a66_2022.jpg,fr FRA,18
Reims,https://cdn.ssref.net/req/202409272/tlogo/fb/7fdd64e0.png,Cédric Kipré,DF,https://fbref.com/req/202302030/images/headshots/9f30e7ed_2022.jpg,ci CIV,27
Reims,https://cdn.ssref.net/req/202409272/tlogo/fb/7fdd64e0.png,Sergio Akieme,DF,https://fbref.com/req/202302030/images/headshots/06efa9dc_2022.jpg,es ESP,26
Reims,https://cdn.ssref.net/req/202409272/tlogo/fb/7fdd64e0.png,Joseph Okumu,DF,https://fbref.com/req/202302030/images/headshots/039f1983_2022.jpg,ke KEN,27
Reims,https://cdn.ssref.net/req/202409272/tlogo/fb/7fdd64e0.png,Teddy Teuma,MF,https://fbref.com/req/202302030/images/headshots/5c26ca51_2022.jpg,mt MLT,31
Reims,https://cdn.ssref.net/req/202409272/tlogo/fb/7fdd64e0.png,Abdoul Koné,DF,https://img.freepik.com/free-vector/blue-circle-with-white-user_78370-4707.jpg?t=st=1726169296~exp=1726172896~hmac=c369fdbb9efe89fcdb13b0bd15bc6b62b3db3fad7e4b8a52064909e6b818e930&w=826,fr FRA,19
Reims,https://cdn.ssref.net/req/202409272/tlogo/fb/7fdd64e0.png,Amadou Koné,MF,https://fbref.com/req/202302030/images/headshots/2eb1ec07_2022.jpg,ml MLI,19
Reims,https://cdn.ssref.net/req/202409272/tlogo/fb/7fdd64e0.png,Amine Salama,FW,https://fbref.com/req/202302030/images/headshots/bc7cc472_2022.jpg,fr FRA,24
Reims,https://cdn.ssref.net/req/202409272/tlogo/fb/7fdd64e0.png,Reda Khadra,MF,https://fbref.com/req/202302030/images/headshots/88acf83f_2022.jpg,de GER,23
Reims,https://cdn.ssref.net/req/202409272/tlogo/fb/7fdd64e0.png,Mamadou Diakhon,FW,https://fbref.com/req/202302030/images/headshots/331c5a98_2022.jpg,fr FRA,19
Reims,https://cdn.ssref.net/req/202409272/tlogo/fb/7fdd64e0.png,Martin Adeline,MF,https://fbref.com/req/202302030/images/headshots/7587446d_2022.jpg,fr FRA,20
Reims,https://cdn.ssref.net/req/202409272/tlogo/fb/7fdd64e0.png,Mohammed Daramy,FW,https://fbref.com/req/202302030/images/headshots/06a1d642_2022.jpg,dk DEN,22
Reims,https://cdn.ssref.net/req/202409272/tlogo/fb/7fdd64e0.png,Thibault De Smet,DF,https://fbref.com/req/202302030/images/headshots/5fdcb075_2022.jpg,be BEL,26
Reims,https://cdn.ssref.net/req/202409272/tlogo/fb/7fdd64e0.png,Mohamed Bamba,MF,https://img.freepik.com/free-vector/blue-circle-with-white-user_78370-4707.jpg?t=st=1726169296~exp=1726172896~hmac=c369fdbb9efe89fcdb13b0bd15bc6b62b3db3fad7e4b8a52064909e6b818e930&w=826,ci CIV,20
Reims,https://cdn.ssref.net/req/202409272/tlogo/fb/7fdd64e0.png,Adama Bojang,FW,https://fbref.com/req/202302030/images/headshots/e606b6c0_2022.jpg,gm GAM,20
Reims,https://cdn.ssref.net/req/202409272/tlogo/fb/7fdd64e0.png,Maxime Busi,DF,https://fbref.com/req/202302030/images/headshots/7b082ec2_2022.jpg,be BEL,24
Reims,https://cdn.ssref.net/req/202409272/tlogo/fb/7fdd64e0.png,Ludovic Butelle,GK,https://fbref.com/req/202302030/images/headshots/26975a92_2022.jpg,fr FRA,41
Reims,https://cdn.ssref.net/req/202409272/tlogo/fb/7fdd64e0.png,Kobi Henry,DF,https://fbref.com/req/202302030/images/headshots/6af165bc_2022.jpg,us USA,20
Reims,https://cdn.ssref.net/req/202409272/tlogo/fb/7fdd64e0.png,Gabriel Moscardo,MF,https://img.freepik.com/free-vector/blue-circle-with-white-user_78370-4707.jpg?t=st=1726169296~exp=1726172896~hmac=c369fdbb9efe89fcdb13b0bd15bc6b62b3db3fad7e4b8a52064909e6b818e930&w=826,br BRA,19
Reims,https://cdn.ssref.net/req/202409272/tlogo/fb/7fdd64e0.png,Alexandre Olliero,GK,https://fbref.com/req/202302030/images/headshots/c977ef13_2022.jpg,fr FRA,28
Reims,https://cdn.ssref.net/req/202409272/tlogo/fb/7fdd64e0.png,Niama Sissoko,FW,https://img.freepik.com/free-vector/blue-circle-with-white-user_78370-4707.jpg?t=st=1726169296~exp=1726172896~hmac=c369fdbb9efe89fcdb13b0bd15bc6b62b3db3fad7e4b8a52064909e6b818e930&w=826,ml MLI,18
Lille,https://cdn.ssref.net/req/202409272/tlogo/fb/cb188c0c.png,Lucas Chevalier,GK,https://fbref.com/req/202302030/images/headshots/b3d76d84_2022.jpg,fr FRA,22
Lille,https://cdn.ssref.net/req/202409272/tlogo/fb/cb188c0c.png,Bafodé Diakité,DF,https://fbref.com/req/202302030/images/headshots/1bfb6fef_2022.jpg,fr FRA,23
Lille,https://cdn.ssref.net/req/202409272/tlogo/fb/cb188c0c.png,Alexsandro Ribeiro,DF,https://fbref.com/req/202302030/images/headshots/102c9665_2022.jpg,br BRA,25
Lille,https://cdn.ssref.net/req/202409272/tlogo/fb/cb188c0c.png,Benjamin André,MF,https://fbref.com/req/202302030/images/headshots/ef9c1c95_2022.jpg,fr FRA,34
Lille,https://cdn.ssref.net/req/202409272/tlogo/fb/cb188c0c.png,Gabriel Gudmundsson,DF,https://fbref.com/req/202302030/images/headshots/d5d22a58_2022.jpg,se SWE,25
Lille,https://cdn.ssref.net/req/202409272/tlogo/fb/cb188c0c.png,Edon Zhegrova,FW,https://fbref.com/req/202302030/images/headshots/34a88e3e_2022.jpg,xk KVX,25
Lille,https://cdn.ssref.net/req/202409272/tlogo/fb/cb188c0c.png,Angel Gomes,MF,https://fbref.com/req/202302030/images/headshots/645a3363_2022.jpg,eng ENG,24
Lille,https://cdn.ssref.net/req/202409272/tlogo/fb/cb188c0c.png,Jonathan David,FW,https://fbref.com/req/202302030/images/headshots/ce50fd99_2022.jpg,ca CAN,24
Lille,https://cdn.ssref.net/req/202409272/tlogo/fb/cb188c0c.png,Osame Sahraoui,MF,https://fbref.com/req/202302030/images/headshots/6f9fa232_2022.jpg,no NOR,23
Lille,https://cdn.ssref.net/req/202409272/tlogo/fb/cb188c0c.png,Tiago Santos,DF,https://fbref.com/req/202302030/images/headshots/3eeebc87_2022.jpg,pt POR,22
Lille,https://cdn.ssref.net/req/202409272/tlogo/fb/cb188c0c.png,Thomas Meunier,DF,https://fbref.com/req/202302030/images/headshots/e162b013_2022.jpg,be BEL,33
Lille,https://cdn.ssref.net/req/202409272/tlogo/fb/cb188c0c.png,Aïssa Mandi,DF,https://fbref.com/req/202302030/images/headshots/fbd6378b_2022.jpg,dz ALG,32
Lille,https://cdn.ssref.net/req/202409272/tlogo/fb/cb188c0c.png,Rémy Cabella,MF,https://fbref.com/req/202302030/images/headshots/148e136f_2022.jpg,fr FRA,34
Lille,https://cdn.ssref.net/req/202409272/tlogo/fb/cb188c0c.png,André Gomes,MF,https://fbref.com/req/202302030/images/headshots/1961b2aa_2022.jpg,pt POR,31
Lille,https://cdn.ssref.net/req/202409272/tlogo/fb/cb188c0c.png,Mohamed Lamine Bayo,FW,https://fbref.com/req/202302030/images/headshots/01870104_2022.jpg,gn GUI,26
Lille,https://cdn.ssref.net/req/202409272/tlogo/fb/cb188c0c.png,Hákon Arnar Haraldsson,MF,https://fbref.com/req/202302030/images/headshots/e2ae54db_2022.jpg,is ISL,21
Lille,https://cdn.ssref.net/req/202409272/tlogo/fb/cb188c0c.png,Ayyoub Bouaddi,MF,https://img.freepik.com/free-vector/blue-circle-with-white-user_78370-4707.jpg?t=st=1726169296~exp=1726172896~hmac=c369fdbb9efe89fcdb13b0bd15bc6b62b3db3fad7e4b8a52064909e6b818e930&w=826,fr FRA,17
Lille,https://cdn.ssref.net/req/202409272/tlogo/fb/cb188c0c.png,Ngal'Ayel Mukau,MF,https://img.freepik.com/free-vector/blue-circle-with-white-user_78370-4707.jpg?t=st=1726169296~exp=1726172896~hmac=c369fdbb9efe89fcdb13b0bd15bc6b62b3db3fad7e4b8a52064909e6b818e930&w=826,,19
Lille,https://cdn.ssref.net/req/202409272/tlogo/fb/cb188c0c.png,Ismaily,DF,https://fbref.com/req/202302030/images/headshots/cf182add_2022.jpg,br BRA,34
Lille,https://cdn.ssref.net/req/202409272/tlogo/fb/cb188c0c.png,Ethan Mbappé,MF,https://fbref.com/req/202302030/images/headshots/d595de71_2022.jpg,fr FRA,17
Lille,https://cdn.ssref.net/req/202409272/tlogo/fb/cb188c0c.png,Mitchel Bakker,DF,https://fbref.com/req/202302030/images/headshots/a8567629_2022.jpg,nl NED,24
Lille,https://cdn.ssref.net/req/202409272/tlogo/fb/cb188c0c.png,Matias Fernandez-Pardo,FW,https://img.freepik.com/free-vector/blue-circle-with-white-user_78370-4707.jpg?t=st=1726169296~exp=1726172896~hmac=c369fdbb9efe89fcdb13b0bd15bc6b62b3db3fad7e4b8a52064909e6b818e930&w=826,be BEL,19
Lille,https://cdn.ssref.net/req/202409272/tlogo/fb/cb188c0c.png,Vincent Burlet,DF,https://fbref.com/req/202302030/images/headshots/af8e48b6_2022.jpg,be BEL,19
Lille,https://cdn.ssref.net/req/202409272/tlogo/fb/cb188c0c.png,Marc-Aurèle Caillard,GK,https://fbref.com/req/202302030/images/headshots/5ee6e943_2022.jpg,fr FRA,30
Lille,https://cdn.ssref.net/req/202409272/tlogo/fb/cb188c0c.png,Andrej Ilic,FW,https://fbref.com/req/202302030/images/headshots/cd2cb5bb_2022.jpg,rs SRB,24
Lille,https://cdn.ssref.net/req/202409272/tlogo/fb/cb188c0c.png,Aaron Malouda,FW,https://fbref.com/req/202302030/images/headshots/4fe2648c_2022.jpg,fr FRA,18
Lille,https://cdn.ssref.net/req/202409272/tlogo/fb/cb188c0c.png,Vito Mannone,GK,https://fbref.com/req/202302030/images/headshots/c4173f1a_2022.jpg,it ITA,36
Lille,https://cdn.ssref.net/req/202409272/tlogo/fb/cb188c0c.png,Ousmane Toure,DF,https://fbref.com/req/202302030/images/headshots/2a0f917e_2022.jpg,fr FRA,19
Lens,https://cdn.ssref.net/nocdn/tlogo/fb/fd4e0f7d.png,Facundo Medina,DF,https://fbref.com/req/202302030/images/headshots/6f5ec8bb_2022.jpg,ar ARG,25
Lens,https://cdn.ssref.net/nocdn/tlogo/fb/fd4e0f7d.png,Brice Samba,GK,https://fbref.com/req/202302030/images/headshots/60d90c55_2022.jpg,fr FRA,30
Lens,https://cdn.ssref.net/nocdn/tlogo/fb/fd4e0f7d.png,Adrien Thomasson,MF,https://fbref.com/req/202302030/images/headshots/c76b7567_2022.jpg,fr FRA,30
Lens,https://cdn.ssref.net/nocdn/tlogo/fb/fd4e0f7d.png,Andy Diouf,MF,https://fbref.com/req/202302030/images/headshots/9b5237b1_2022.jpg,fr FRA,21
Lens,https://cdn.ssref.net/nocdn/tlogo/fb/fd4e0f7d.png,Jonathan Gradit,DF,https://fbref.com/req/202302030/images/headshots/06c48679_2022.jpg,fr FRA,31
Lens,https://cdn.ssref.net/nocdn/tlogo/fb/fd4e0f7d.png,Abdukodir Khusanov,DF,https://fbref.com/req/202302030/images/headshots/d17ce930_2022.jpg,uz UZB,20
Lens,https://cdn.ssref.net/nocdn/tlogo/fb/fd4e0f7d.png,Florian Sotoca,FW,https://fbref.com/req/202302030/images/headshots/7a42d0df_2022.jpg,fr FRA,33
Lens,https://cdn.ssref.net/nocdn/tlogo/fb/fd4e0f7d.png,Jhoanner Chávez,DF,https://fbref.com/req/202302030/images/headshots/649b57e9_2022.jpg,ec ECU,22
Lens,https://cdn.ssref.net/nocdn/tlogo/fb/fd4e0f7d.png,Wesley Saïd,FW,https://fbref.com/req/202302030/images/headshots/90fcf472_2022.jpg,fr FRA,29
Lens,https://cdn.ssref.net/nocdn/tlogo/fb/fd4e0f7d.png,Przemysław Frankowski,DF,https://fbref.com/req/202302030/images/headshots/00a8d210_2022.jpg,pl POL,29
Lens,https://cdn.ssref.net/nocdn/tlogo/fb/fd4e0f7d.png,Ruben Aguilar,DF,https://fbref.com/req/202302030/images/headshots/3dd738a1_2022.jpg,fr FRA,31
Lens,https://cdn.ssref.net/nocdn/tlogo/fb/fd4e0f7d.png,Angelo Fulgini,MF,https://fbref.com/req/202302030/images/headshots/4b96c347_2022.jpg,fr FRA,28
Lens,https://cdn.ssref.net/nocdn/tlogo/fb/fd4e0f7d.png,Anass Zaroury,MF,https://fbref.com/req/202302030/images/headshots/07d65234_2022.jpg,ma MAR,23
Lens,https://cdn.ssref.net/nocdn/tlogo/fb/fd4e0f7d.png,Rémy Labeau Lascary,FW,https://fbref.com/req/202302030/images/headshots/c90f380c_2022.jpg,gp GLP,21
Lens,https://cdn.ssref.net/nocdn/tlogo/fb/fd4e0f7d.png,Deiver Machado,DF,https://fbref.com/req/202302030/images/headshots/b3f8bdef_2022.jpg,co COL,31
Lens,https://cdn.ssref.net/nocdn/tlogo/fb/fd4e0f7d.png,M'Bala Nzola,FW,https://fbref.com/req/202302030/images/headshots/a4948e67_2022.jpg,ao ANG,28
Lens,https://cdn.ssref.net/nocdn/tlogo/fb/fd4e0f7d.png,Kevin Danso,DF,https://fbref.com/req/202302030/images/headshots/6e33125f_2022.jpg,at AUT,26
Lens,https://cdn.ssref.net/nocdn/tlogo/fb/fd4e0f7d.png,David Costa,MF,https://fbref.com/req/202302030/images/headshots/59948ef7_2022.jpg,pt POR,23
Lens,https://cdn.ssref.net/nocdn/tlogo/fb/fd4e0f7d.png,Nampalys Mendy,MF,https://fbref.com/req/202302030/images/headshots/1598599e_2022.jpg,sn SEN,32
Lens,https://cdn.ssref.net/nocdn/tlogo/fb/fd4e0f7d.png,Malang Sarr,DF,https://fbref.com/req/202302030/images/headshots/4315f30d_2022.jpg,fr FRA,25
Lens,https://cdn.ssref.net/nocdn/tlogo/fb/fd4e0f7d.png,Hamzat Ojediran,MF,https://img.freepik.com/free-vector/blue-circle-with-white-user_78370-4707.jpg?t=st=1726169296~exp=1726172896~hmac=c369fdbb9efe89fcdb13b0bd15bc6b62b3db3fad7e4b8a52064909e6b818e930&w=826,ng NGA,20
Lens,https://cdn.ssref.net/nocdn/tlogo/fb/fd4e0f7d.png,Martin Satriano,FW,https://fbref.com/req/202302030/images/headshots/86383d0e_2022.jpg,uy URU,23
Lens,https://cdn.ssref.net/nocdn/tlogo/fb/fd4e0f7d.png,Neil El Aynaoui,MF,https://fbref.com/req/202302030/images/headshots/17e1261b_2022.jpg,fr FRA,23
Lens,https://cdn.ssref.net/nocdn/tlogo/fb/fd4e0f7d.png,Kyllian Antonio,DF,https://img.freepik.com/free-vector/blue-circle-with-white-user_78370-4707.jpg?t=st=1726169296~exp=1726172896~hmac=c369fdbb9efe89fcdb13b0bd15bc6b62b3db3fad7e4b8a52064909e6b818e930&w=826,fr FRA,16
Lens,https://cdn.ssref.net/nocdn/tlogo/fb/fd4e0f7d.png,Adam Delplace,GK,https://img.freepik.com/free-vector/blue-circle-with-white-user_78370-4707.jpg?t=st=1726169296~exp=1726172896~hmac=c369fdbb9efe89fcdb13b0bd15bc6b62b3db3fad7e4b8a52064909e6b818e930&w=826,fr FRA,18
Lens,https://cdn.ssref.net/nocdn/tlogo/fb/fd4e0f7d.png,Ismaëlo Ganiou,DF,https://img.freepik.com/free-vector/blue-circle-with-white-user_78370-4707.jpg?t=st=1726169296~exp=1726172896~hmac=c369fdbb9efe89fcdb13b0bd15bc6b62b3db3fad7e4b8a52064909e6b818e930&w=826,fr FRA,19
Lens,https://cdn.ssref.net/nocdn/tlogo/fb/fd4e0f7d.png,Massadio Haïdara,DF,https://fbref.com/req/202302030/images/headshots/5167c97e_2022.jpg,ml MLI,31
Lens,https://cdn.ssref.net/nocdn/tlogo/fb/fd4e0f7d.png,Hervé Koffi,GK,https://fbref.com/req/202302030/images/headshots/faf873a7_2022.jpg,bf BFA,27
Lens,https://cdn.ssref.net/nocdn/tlogo/fb/fd4e0f7d.png,Denis Petrić,GK,https://fbref.com/req/202302030/images/headshots/dab1b8dc_2022.jpg,rs SRB,36
Lens,https://cdn.ssref.net/nocdn/tlogo/fb/fd4e0f7d.png,Tom Pouilly,MF,https://fbref.com/req/202302030/images/headshots/dafce747_2022.jpg,fr FRA,21
Strasbourg,https://cdn.ssref.net/req/202409272/tlogo/fb/c0d3eab4.png,Guela Doué,DF,https://fbref.com/req/202302030/images/headshots/b4ef3fb5_2022.jpg,ci CIV,21
Strasbourg,https://cdn.ssref.net/req/202409272/tlogo/fb/c0d3eab4.png,Dilane Bakwa,FW,https://fbref.com/req/202302030/images/headshots/2b5a35e5_2022.jpg,fr FRA,22
Strasbourg,https://cdn.ssref.net/req/202409272/tlogo/fb/c0d3eab4.png,Saidou Sow,DF,https://fbref.com/req/202302030/images/headshots/f6b94e8d_2022.jpg,gn GUI,22
Strasbourg,https://cdn.ssref.net/req/202409272/tlogo/fb/c0d3eab4.png,Emanuel Emegha,FW,https://fbref.com/req/202302030/images/headshots/a0c590b9_2022.jpg,nl NED,21
Strasbourg,https://cdn.ssref.net/req/202409272/tlogo/fb/c0d3eab4.png,Ismaël Doukouré,MF,https://fbref.com/req/202302030/images/headshots/0512a60a_2022.jpg,fr FRA,21
Strasbourg,https://cdn.ssref.net/req/202409272/tlogo/fb/c0d3eab4.png,Habib Diarra,MF,https://fbref.com/req/202302030/images/headshots/6d0fe035_2022.jpg,sn SEN,20
Strasbourg,https://cdn.ssref.net/req/202409272/tlogo/fb/c0d3eab4.png,Andrey Santos,MF,https://fbref.com/req/202302030/images/headshots/dd745366_2022.jpg,br BRA,20
Strasbourg,https://cdn.ssref.net/req/202409272/tlogo/fb/c0d3eab4.png,Diego Moreira,DF,https://img.freepik.com/free-vector/blue-circle-with-white-user_78370-4707.jpg?t=st=1726169296~exp=1726172896~hmac=c369fdbb9efe89fcdb13b0bd15bc6b62b3db3fad7e4b8a52064909e6b818e930&w=826,pt POR,20
Strasbourg,https://cdn.ssref.net/req/202409272/tlogo/fb/c0d3eab4.png,Sebastian Nanasi,FW,https://fbref.com/req/202302030/images/headshots/ce747d2a_2022.jpg,se SWE,22
Strasbourg,https://cdn.ssref.net/req/202409272/tlogo/fb/c0d3eab4.png,Abakar Sylla,DF,https://fbref.com/req/202302030/images/headshots/29c91632_2022.jpg,ci CIV,21
Strasbourg,https://cdn.ssref.net/req/202409272/tlogo/fb/c0d3eab4.png,Đorđe Petrović,GK,https://fbref.com/req/202302030/images/headshots/0cf321c8_2022.jpg,rs SRB,25
Strasbourg,https://cdn.ssref.net/req/202409272/tlogo/fb/c0d3eab4.png,Karl-Johan Johnsson,GK,https://fbref.com/req/202302030/images/headshots/a56bd2ee_2022.jpg,se SWE,34
Strasbourg,https://cdn.ssref.net/req/202409272/tlogo/fb/c0d3eab4.png,Caleb Wiley,DF,https://fbref.com/req/202302030/images/headshots/64796fe0_2022.jpg,us USA,19
Strasbourg,https://cdn.ssref.net/req/202409272/tlogo/fb/c0d3eab4.png,Mamadou Sarr,DF,https://img.freepik.com/free-vector/blue-circle-with-white-user_78370-4707.jpg?t=st=1726169296~exp=1726172896~hmac=c369fdbb9efe89fcdb13b0bd15bc6b62b3db3fad7e4b8a52064909e6b818e930&w=826,fr FRA,19
Strasbourg,https://cdn.ssref.net/req/202409272/tlogo/fb/c0d3eab4.png,Junior Mwanga,MF,https://fbref.com/req/202302030/images/headshots/ee158be5_2022.jpg,fr FRA,21
Strasbourg,https://cdn.ssref.net/req/202409272/tlogo/fb/c0d3eab4.png,Félix Lemaréchal,FW,https://fbref.com/req/202302030/images/headshots/8ca9415f_2022.jpg,fr FRA,21
Strasbourg,https://cdn.ssref.net/req/202409272/tlogo/fb/c0d3eab4.png,Pape Daouda Diongue,MF,https://fbref.com/req/202302030/images/headshots/d4925a40_2022.jpg,sn SEN,
Strasbourg,https://cdn.ssref.net/req/202409272/tlogo/fb/c0d3eab4.png,Sekou Mara,FW,https://fbref.com/req/202302030/images/headshots/3544641e_2022.jpg,fr FRA,22
Strasbourg,https://cdn.ssref.net/req/202409272/tlogo/fb/c0d3eab4.png,Marvin Senaya,DF,https://fbref.com/req/202302030/images/headshots/1d383c10_2022.jpg,tg TOG,23
Strasbourg,https://cdn.ssref.net/req/202409272/tlogo/fb/c0d3eab4.png,Jérémy Sebas,FW,https://fbref.com/req/202302030/images/headshots/0b6911e4_2022.jpg,mq MTQ,21
Strasbourg,https://cdn.ssref.net/req/202409272/tlogo/fb/c0d3eab4.png,Nordine Kandil,MF,https://fbref.com/req/202302030/images/headshots/c5908bc4_2022.jpg,fr FRA,22
Strasbourg,https://cdn.ssref.net/req/202409272/tlogo/fb/c0d3eab4.png,Karol Fila,MF,https://fbref.com/req/202302030/images/headshots/50ac8941_2022.jpg,pl POL,26
Strasbourg,https://cdn.ssref.net/req/202409272/tlogo/fb/c0d3eab4.png,Tidiane Diallo,FW,https://fbref.com/req/202302030/images/headshots/709883ef_2022.jpg,fr FRA,18
Strasbourg,https://cdn.ssref.net/req/202409272/tlogo/fb/c0d3eab4.png,Rabby Nzingoula,MF,https://fbref.com/req/202302030/images/headshots/627c7a3d_2022.jpg,cg CGO,18
Strasbourg,https://cdn.ssref.net/req/202409272/tlogo/fb/c0d3eab4.png,Guimissongui Ouattara,MF,https://img.freepik.com/free-vector/blue-circle-with-white-user_78370-4707.jpg?t=st=1726169296~exp=1726172896~hmac=c369fdbb9efe89fcdb13b0bd15bc6b62b3db3fad7e4b8a52064909e6b818e930&w=826,fr FRA,18
Strasbourg,https://cdn.ssref.net/req/202409272/tlogo/fb/c0d3eab4.png,Óscar Perea,FW,https://img.freepik.com/free-vector/blue-circle-with-white-user_78370-4707.jpg?t=st=1726169296~exp=1726172896~hmac=c369fdbb9efe89fcdb13b0bd15bc6b62b3db3fad7e4b8a52064909e6b818e930&w=826,co COL,19
Strasbourg,https://cdn.ssref.net/req/202409272/tlogo/fb/c0d3eab4.png,Robin Risser,GK,https://fbref.com/req/202302030/images/headshots/56a66faa_2022.jpg,fr FRA,19
Strasbourg,https://cdn.ssref.net/req/202409272/tlogo/fb/c0d3eab4.png,Eduard Sobol,DF,https://fbref.com/req/202302030/images/headshots/2ccd89a3_2022.jpg,ua UKR,29
Strasbourg,https://cdn.ssref.net/req/202409272/tlogo/fb/c0d3eab4.png,Ryan Tutu Mayangila,GK,https://img.freepik.com/free-vector/blue-circle-with-white-user_78370-4707.jpg?t=st=1726169296~exp=1726172896~hmac=c369fdbb9efe89fcdb13b0bd15bc6b62b3db3fad7e4b8a52064909e6b818e930&w=826,fr FRA,19
Lyon,https://cdn.ssref.net/req/202409272/tlogo/fb/d53c0b06.png,Lucas Perri,GK,https://fbref.com/req/202302030/images/headshots/5dbd461a_2022.jpg,br BRA,26
Lyon,https://cdn.ssref.net/req/202409272/tlogo/fb/d53c0b06.png,Duje Ćaleta-Car,DF,https://fbref.com/req/202302030/images/headshots/94f8d10c_2022.jpg,hr CRO,28
Lyon,https://cdn.ssref.net/req/202409272/tlogo/fb/d53c0b06.png,Clinton Mata,DF,https://fbref.com/req/202302030/images/headshots/55abe554_2022.jpg,ao ANG,31
Lyon,https://cdn.ssref.net/req/202409272/tlogo/fb/d53c0b06.png,Abner,DF,https://fbref.com/req/202302030/images/headshots/7f9c5d2d_2022.jpg,br BRA,24
Lyon,https://cdn.ssref.net/req/202409272/tlogo/fb/d53c0b06.png,Maxence Caqueret,MF,https://fbref.com/req/202302030/images/headshots/f81ef10d_2022.jpg,fr FRA,24
Lyon,https://cdn.ssref.net/req/202409272/tlogo/fb/d53c0b06.png,Ainsley Maitland-Niles,DF,https://fbref.com/req/202302030/images/headshots/e3a5814e_2022.jpg,eng ENG,27
Lyon,https://cdn.ssref.net/req/202409272/tlogo/fb/d53c0b06.png,Moussa Niakhate,DF,https://fbref.com/req/202302030/images/headshots/00242715_2022.jpg,sn SEN,28
Lyon,https://cdn.ssref.net/req/202409272/tlogo/fb/d53c0b06.png,Alexandre Lacazette,FW,https://fbref.com/req/202302030/images/headshots/9dbb75ca_2022.jpg,fr FRA,33
Lyon,https://cdn.ssref.net/req/202409272/tlogo/fb/d53c0b06.png,Nemanja Matić,MF,https://fbref.com/req/202302030/images/headshots/eb7822d7_2022.jpg,rs SRB,36
Lyon,https://cdn.ssref.net/req/202409272/tlogo/fb/d53c0b06.png,Saïd Benrahma,FW,https://fbref.com/req/202302030/images/headshots/5a04fd92_2022.jpg,dz ALG,29
Lyon,https://cdn.ssref.net/req/202409272/tlogo/fb/d53c0b06.png,Corentin Tolisso,MF,https://fbref.com/req/202302030/images/headshots/652d4c37_2022.jpg,fr FRA,30
Lyon,https://cdn.ssref.net/req/202409272/tlogo/fb/d53c0b06.png,Georges Mikautadze,FW,https://fbref.com/req/202302030/images/headshots/4788cb6b_2022.jpg,ge GEO,23
Lyon,https://cdn.ssref.net/req/202409272/tlogo/fb/d53c0b06.png,Jordan Veretout,MF,https://fbref.com/req/202302030/images/headshots/4a56052c_2022.jpg,fr FRA,31
Lyon,https://cdn.ssref.net/req/202409272/tlogo/fb/d53c0b06.png,Malick Fofana,FW,https://fbref.com/req/202302030/images/headshots/8236f673_2022.jpg,be BEL,19
Lyon,https://cdn.ssref.net/req/202409272/tlogo/fb/d53c0b06.png,Gift Orban,FW,https://fbref.com/req/202302030/images/headshots/de17db90_2022.jpg,ng NGA,22
Lyon,https://cdn.ssref.net/req/202409272/tlogo/fb/d53c0b06.png,Nicolás Tagliafico,DF,https://fbref.com/req/202302030/images/headshots/f0661424_2022.jpg,ar ARG,32
Lyon,https://cdn.ssref.net/req/202409272/tlogo/fb/d53c0b06.png,Ernest Nuamah,FW,https://fbref.com/req/202302030/images/headshots/234a703c_2022.jpg,gh GHA,20
Lyon,https://cdn.ssref.net/req/202409272/tlogo/fb/d53c0b06.png,Rayan Cherki,MF,https://fbref.com/req/202302030/images/headshots/b34c63a5_2022.jpg,fr FRA,21
Lyon,https://cdn.ssref.net/req/202409272/tlogo/fb/d53c0b06.png,Tanner Tessmann,MF,https://img.freepik.com/free-vector/blue-circle-with-white-user_78370-4707.jpg?t=st=1726169296~exp=1726172896~hmac=c369fdbb9efe89fcdb13b0bd15bc6b62b3db3fad7e4b8a52064909e6b818e930&w=826,us USA,23
Lyon,https://cdn.ssref.net/req/202409272/tlogo/fb/d53c0b06.png,Sael Kumbedi,DF,https://fbref.com/req/202302030/images/headshots/c385bf49_2022.jpg,fr FRA,19
Lyon,https://cdn.ssref.net/req/202409272/tlogo/fb/d53c0b06.png,Orel Mangala,MF,https://fbref.com/req/202302030/images/headshots/a572e291_2022.jpg,be BEL,26
Lyon,https://cdn.ssref.net/req/202409272/tlogo/fb/d53c0b06.png,Wilfried Zaha,FW,https://fbref.com/req/202302030/images/headshots/b2bc3b1f_2022.jpg,ci CIV,31
Lyon,https://cdn.ssref.net/req/202409272/tlogo/fb/d53c0b06.png,Mama Samba Baldé,FW,https://fbref.com/req/202302030/images/headshots/fb14aa28_2022.jpg,gw GNB,28
Lyon,https://cdn.ssref.net/req/202409272/tlogo/fb/d53c0b06.png,Mahamadou Diawara,MF,https://fbref.com/req/202302030/images/headshots/1906b842_2022.jpg,fr FRA,19
Lyon,https://cdn.ssref.net/req/202409272/tlogo/fb/d53c0b06.png,Adryelson,DF,https://fbref.com/req/202302030/images/headshots/e980e78d_2022.jpg,br BRA,26
Lyon,https://cdn.ssref.net/req/202409272/tlogo/fb/d53c0b06.png,Rémy Descamps,GK,https://fbref.com/req/202302030/images/headshots/477e50ce_2022.jpg,fr FRA,28
Lyon,https://cdn.ssref.net/req/202409272/tlogo/fb/d53c0b06.png,Anthony Lopes,GK,https://fbref.com/req/202302030/images/headshots/f00de885_2022.jpg,pt POR,34
Lyon,https://cdn.ssref.net/req/202409272/tlogo/fb/d53c0b06.png,Enzo Molebe,FW,https://img.freepik.com/free-vector/blue-circle-with-white-user_78370-4707.jpg?t=st=1726169296~exp=1726172896~hmac=c369fdbb9efe89fcdb13b0bd15bc6b62b3db3fad7e4b8a52064909e6b818e930&w=826,fr FRA,17
Lyon,https://cdn.ssref.net/req/202409272/tlogo/fb/d53c0b06.png,Warmed Omari,DF,https://fbref.com/req/202302030/images/headshots/4534a352_2022.jpg,km COM,24
Nice,https://cdn.ssref.net/req/202409272/tlogo/fb/132ebc33.png,Marcin Bułka,GK,https://fbref.com/req/202302030/images/headshots/db87a2c4_2022.jpg,pl POL,25
Nice,https://cdn.ssref.net/req/202409272/tlogo/fb/132ebc33.png,Evann Guessand,FW,https://fbref.com/req/202302030/images/headshots/b73f17f8_2022.jpg,ci CIV,23
Nice,https://cdn.ssref.net/req/202409272/tlogo/fb/132ebc33.png,Dante,DF,https://fbref.com/req/202302030/images/headshots/fd2bc67d_2022.jpg,br BRA,40
Nice,https://cdn.ssref.net/req/202409272/tlogo/fb/132ebc33.png,Jonathan Clauss,MF,https://fbref.com/req/202302030/images/headshots/5219ab4a_2022.jpg,fr FRA,32
Nice,https://cdn.ssref.net/req/202409272/tlogo/fb/132ebc33.png,Tanguy Ndombele,MF,https://fbref.com/req/202302030/images/headshots/5cdddffa_2022.jpg,fr FRA,27
Nice,https://cdn.ssref.net/req/202409272/tlogo/fb/132ebc33.png,Mohamed Ali Cho,FW,https://fbref.com/req/202302030/images/headshots/f8405304_2022.jpg,fr FRA,20
Nice,https://cdn.ssref.net/req/202409272/tlogo/fb/132ebc33.png,Hicham Boudaoui,MF,https://fbref.com/req/202302030/images/headshots/f9d5908e_2022.jpg,dz ALG,25
Nice,https://cdn.ssref.net/req/202409272/tlogo/fb/132ebc33.png,Pablo Rosario,MF,https://fbref.com/req/202302030/images/headshots/1a6b7ea4_2022.jpg,nl NED,27
Nice,https://cdn.ssref.net/req/202409272/tlogo/fb/132ebc33.png,Moïse Bombito,DF,https://img.freepik.com/free-vector/blue-circle-with-white-user_78370-4707.jpg?t=st=1726169296~exp=1726172896~hmac=c369fdbb9efe89fcdb13b0bd15bc6b62b3db3fad7e4b8a52064909e6b818e930&w=826,ca CAN,24
Nice,https://cdn.ssref.net/req/202409272/tlogo/fb/132ebc33.png,Youssouf Ndayishimiye,DF,https://fbref.com/req/202302030/images/headshots/65c55288_2022.jpg,bi BDI,25
Nice,https://cdn.ssref.net/req/202409272/tlogo/fb/132ebc33.png,Melvin Bard,MF,https://fbref.com/req/202302030/images/headshots/1ddbc7ca_2022.jpg,fr FRA,23
Nice,https://cdn.ssref.net/req/202409272/tlogo/fb/132ebc33.png,Antoine Mendy,DF,https://fbref.com/req/202302030/images/headshots/3322e296_2022.jpg,fr FRA,20
Nice,https://cdn.ssref.net/req/202409272/tlogo/fb/132ebc33.png,Jeremie Boga,MF,https://fbref.com/req/202302030/images/headshots/fe012aca_2022.jpg,ci CIV,27
Nice,https://cdn.ssref.net/req/202409272/tlogo/fb/132ebc33.png,Badredine Bouanani,FW,https://fbref.com/req/202302030/images/headshots/0400dd2f_2022.jpg,dz ALG,19
Nice,https://cdn.ssref.net/req/202409272/tlogo/fb/132ebc33.png,Ali Abdi,DF,https://fbref.com/req/202302030/images/headshots/ad7cdb35_2022.jpg,tn TUN,30
Nice,https://cdn.ssref.net/req/202409272/tlogo/fb/132ebc33.png,Mohamed Abdelmoneim,DF,https://fbref.com/req/202302030/images/headshots/bff15d74_2022.jpg,eg EGY,25
Nice,https://cdn.ssref.net/req/202409272/tlogo/fb/132ebc33.png,Youssoufa Moukoko,FW,https://fbref.com/req/202302030/images/headshots/6ce43701_2022.jpg,de GER,19
Nice,https://cdn.ssref.net/req/202409272/tlogo/fb/132ebc33.png,Gaëtan Laborde,FW,https://fbref.com/req/202302030/images/headshots/7cdda3bf_2022.jpg,fr FRA,30
Nice,https://cdn.ssref.net/req/202409272/tlogo/fb/132ebc33.png,Bilal Brahimi,MF,https://fbref.com/req/202302030/images/headshots/02bcaf8e_2022.jpg,dz ALG,24
Nice,https://cdn.ssref.net/req/202409272/tlogo/fb/132ebc33.png,Sofiane Diop,MF,https://fbref.com/req/202302030/images/headshots/19053e31_2022.jpg,fr FRA,24
Nice,https://cdn.ssref.net/req/202409272/tlogo/fb/132ebc33.png,Jordan Lotomba,MF,https://fbref.com/req/202302030/images/headshots/fc4cf6a7_2022.jpg,ch SUI,26
Nice,https://cdn.ssref.net/req/202409272/tlogo/fb/132ebc33.png,Tom Louchet,MF,https://fbref.com/req/202302030/images/headshots/f999e9be_2022.jpg,fr FRA,21
Nice,https://cdn.ssref.net/req/202409272/tlogo/fb/132ebc33.png,Victor Orakpo,FW,https://img.freepik.com/free-vector/blue-circle-with-white-user_78370-4707.jpg?t=st=1726169296~exp=1726172896~hmac=c369fdbb9efe89fcdb13b0bd15bc6b62b3db3fad7e4b8a52064909e6b818e930&w=826,ng NGA,18
Nice,https://cdn.ssref.net/req/202409272/tlogo/fb/132ebc33.png,Issiaga Camara,MF,https://fbref.com/req/202302030/images/headshots/9a34200f_2022.jpg,gn GUI,19
Nice,https://cdn.ssref.net/req/202409272/tlogo/fb/132ebc33.png,Teddy Boulhendi,GK,https://fbref.com/req/202302030/images/headshots/02e63f80_2022.jpg,fr FRA,23
Nice,https://cdn.ssref.net/req/202409272/tlogo/fb/132ebc33.png,Amidou Doumbouya,MF,https://fbref.com/req/202302030/images/headshots/c4d2da61_2022.jpg,fr FRA,17
Nice,https://cdn.ssref.net/req/202409272/tlogo/fb/132ebc33.png,Maxime Dupé,GK,https://fbref.com/req/202302030/images/headshots/0e12089d_2022.jpg,fr FRA,31
Nice,https://cdn.ssref.net/req/202409272/tlogo/fb/132ebc33.png,Rareş Ilie,MF,https://fbref.com/req/202302030/images/headshots/c9f49454_2022.jpg,ro ROU,21
Nice,https://cdn.ssref.net/req/202409272/tlogo/fb/132ebc33.png,Yael Nandjou,DF,https://img.freepik.com/free-vector/blue-circle-with-white-user_78370-4707.jpg?t=st=1726169296~exp=1726172896~hmac=c369fdbb9efe89fcdb13b0bd15bc6b62b3db3fad7e4b8a52064909e6b818e930&w=826,fr FRA,19
Nice,https://cdn.ssref.net/req/202409272/tlogo/fb/132ebc33.png,Iliesse Salhi,MF,https://img.freepik.com/free-vector/blue-circle-with-white-user_78370-4707.jpg?t=st=1726169296~exp=1726172896~hmac=c369fdbb9efe89fcdb13b0bd15bc6b62b3db3fad7e4b8a52064909e6b818e930&w=826,fr FRA,17
Nice,https://cdn.ssref.net/req/202409272/tlogo/fb/132ebc33.png,Daouda Traoré,MF,https://fbref.com/req/202302030/images/headshots/b26afd1e_2022.jpg,fr FRA,18
Nantes,https://cdn.ssref.net/req/202409272/tlogo/fb/d7a486cd.png,Alban Lafont,GK,https://fbref.com/req/202302030/images/headshots/4e7db402_2022.jpg,fr FRA,25
Nantes,https://cdn.ssref.net/req/202409272/tlogo/fb/d7a486cd.png,Pedro Chirivella,MF,https://fbref.com/req/202302030/images/headshots/68a26d51_2022.jpg,es ESP,27
Nantes,https://cdn.ssref.net/req/202409272/tlogo/fb/d7a486cd.png,Moses Simon,FW,https://fbref.com/req/202302030/images/headshots/5f3eaaf5_2022.jpg,ng NGA,29
Nantes,https://cdn.ssref.net/req/202409272/tlogo/fb/d7a486cd.png,Matthis Abline,FW,https://fbref.com/req/202302030/images/headshots/0e46fa2f_2022.jpg,fr FRA,21
Nantes,https://cdn.ssref.net/req/202409272/tlogo/fb/d7a486cd.png,Douglas,MF,https://fbref.com/req/202302030/images/headshots/301c287b_2022.jpg,br BRA,27
Nantes,https://cdn.ssref.net/req/202409272/tlogo/fb/d7a486cd.png,Kelvin Amian,DF,https://fbref.com/req/202302030/images/headshots/bcc81786_2022.jpg,fr FRA,26
Nantes,https://cdn.ssref.net/req/202409272/tlogo/fb/d7a486cd.png,Jean-Charles Castelletto,DF,https://fbref.com/req/202302030/images/headshots/e0f3a1f6_2022.jpg,cm CMR,29
Nantes,https://cdn.ssref.net/req/202409272/tlogo/fb/d7a486cd.png,Nathan Zeze,DF,https://fbref.com/req/202302030/images/headshots/fb4c5b6e_2022.jpg,fr FRA,19
Nantes,https://cdn.ssref.net/req/202409272/tlogo/fb/d7a486cd.png,Johann Lepenant,MF,https://fbref.com/req/202302030/images/headshots/1e52971c_2022.jpg,fr FRA,21
Nantes,https://cdn.ssref.net/req/202409272/tlogo/fb/d7a486cd.png,Sorba Thomas,FW,https://fbref.com/req/202302030/images/headshots/8725a42e_2022.jpg,wls WAL,25
Nantes,https://cdn.ssref.net/req/202409272/tlogo/fb/d7a486cd.png,Nicolas Pallois,DF,https://fbref.com/req/202302030/images/headshots/779847d6_2022.jpg,fr FRA,37
Nantes,https://cdn.ssref.net/req/202409272/tlogo/fb/d7a486cd.png,Jean-Kevin Duverne,DF,https://fbref.com/req/202302030/images/headshots/0cbc8baa_2022.jpg,ht HAI,27
Nantes,https://cdn.ssref.net/req/202409272/tlogo/fb/d7a486cd.png,Tino Kadewere,MF,https://fbref.com/req/202302030/images/headshots/7d08063d_2022.jpg,zw ZIM,28
Nantes,https://cdn.ssref.net/req/202409272/tlogo/fb/d7a486cd.png,Marcus Coco,DF,https://fbref.com/req/202302030/images/headshots/3010aefb_2022.jpg,fr FRA,28
Nantes,https://cdn.ssref.net/req/202409272/tlogo/fb/d7a486cd.png,Nicolas Cozza,DF,https://fbref.com/req/202302030/images/headshots/8f325097_2022.jpg,fr FRA,25
Nantes,https://cdn.ssref.net/req/202409272/tlogo/fb/d7a486cd.png,Jean-Philippe Gbamin,MF,https://fbref.com/req/202302030/images/headshots/6bd603db_2022.jpg,ci CIV,29
Nantes,https://cdn.ssref.net/req/202409272/tlogo/fb/d7a486cd.png,Mostafa Mohamed,FW,https://fbref.com/req/202302030/images/headshots/595e6f3e_2022.jpg,eg EGY,26
Nantes,https://cdn.ssref.net/req/202409272/tlogo/fb/d7a486cd.png,Ignatius Ganago,FW,https://fbref.com/req/202302030/images/headshots/23c63b7f_2022.jpg,cm CMR,25
Nantes,https://cdn.ssref.net/req/202409272/tlogo/fb/d7a486cd.png,Dehmaine Assoumani,MF,https://fbref.com/req/202302030/images/headshots/fb32896c_2022.jpg,fr FRA,19
Nantes,https://cdn.ssref.net/req/202409272/tlogo/fb/d7a486cd.png,Florent Mollet,MF,https://fbref.com/req/202302030/images/headshots/7e82a78f_2022.jpg,fr FRA,32
Nantes,https://cdn.ssref.net/req/202409272/tlogo/fb/d7a486cd.png,Louis Leroux,MF,https://img.freepik.com/free-vector/blue-circle-with-white-user_78370-4707.jpg?t=st=1726169296~exp=1726172896~hmac=c369fdbb9efe89fcdb13b0bd15bc6b62b3db3fad7e4b8a52064909e6b818e930&w=826,fr FRA,18
Nantes,https://cdn.ssref.net/req/202409272/tlogo/fb/d7a486cd.png,Bahereba Guirassy,FW,https://img.freepik.com/free-vector/blue-circle-with-white-user_78370-4707.jpg?t=st=1726169296~exp=1726172896~hmac=c369fdbb9efe89fcdb13b0bd15bc6b62b3db3fad7e4b8a52064909e6b818e930&w=826,fr FRA,18
Nantes,https://cdn.ssref.net/req/202409272/tlogo/fb/d7a486cd.png,Mathieu Acapandié,DF,https://fbref.com/req/202302030/images/headshots/a9f236d0_2022.jpg,fr FRA,19
Nantes,https://cdn.ssref.net/req/202409272/tlogo/fb/d7a486cd.png,Hugo Barbet,GK,https://img.freepik.com/free-vector/blue-circle-with-white-user_78370-4707.jpg?t=st=1726169296~exp=1726172896~hmac=c369fdbb9efe89fcdb13b0bd15bc6b62b3db3fad7e4b8a52064909e6b818e930&w=826,fr FRA,22
Nantes,https://cdn.ssref.net/req/202409272/tlogo/fb/d7a486cd.png,Patrik Carlgren,GK,https://fbref.com/req/202302030/images/headshots/168c50c5_2022.jpg,se SWE,32
Nantes,https://cdn.ssref.net/req/202409272/tlogo/fb/d7a486cd.png,Sékou Doucoure,DF,https://img.freepik.com/free-vector/blue-circle-with-white-user_78370-4707.jpg?t=st=1726169296~exp=1726172896~hmac=c369fdbb9efe89fcdb13b0bd15bc6b62b3db3fad7e4b8a52064909e6b818e930&w=826,fr FRA,19
Brest,https://cdn.ssref.net/req/202409272/tlogo/fb/fb08dbb3.png,Marco Bizot,GK,https://fbref.com/req/202302030/images/headshots/3d214e5f_2022.jpg,nl NED,33
Brest,https://cdn.ssref.net/req/202409272/tlogo/fb/fb08dbb3.png,Brendan Chardonnet,DF,https://fbref.com/req/202302030/images/headshots/16aa7d4c_2022.jpg,fr FRA,29
Brest,https://cdn.ssref.net/req/202409272/tlogo/fb/fb08dbb3.png,Kenny Lala,DF,https://fbref.com/req/202302030/images/headshots/770d7eb8_2022.jpg,mg MAD,33
Brest,https://cdn.ssref.net/req/202409272/tlogo/fb/fb08dbb3.png,Mahdi Camara,MF,https://fbref.com/req/202302030/images/headshots/8577e60a_2022.jpg,fr FRA,26
Brest,https://cdn.ssref.net/req/202409272/tlogo/fb/fb08dbb3.png,Ludovic Ajorque,FW,https://fbref.com/req/202302030/images/headshots/462475ed_2022.jpg,fr FRA,30
Brest,https://cdn.ssref.net/req/202409272/tlogo/fb/fb08dbb3.png,Hugo Magnetti,MF,https://fbref.com/req/202302030/images/headshots/d4d35152_2022.jpg,fr FRA,26
Brest,https://cdn.ssref.net/req/202409272/tlogo/fb/fb08dbb3.png,Julien Le Cardinal,DF,https://fbref.com/req/202302030/images/headshots/547a72ad_2022.jpg,fr FRA,27
Brest,https://cdn.ssref.net/req/202409272/tlogo/fb/fb08dbb3.png,Romain Del Castillo,FW,https://fbref.com/req/202302030/images/headshots/0be95d34_2022.jpg,fr FRA,28
Brest,https://cdn.ssref.net/req/202409272/tlogo/fb/fb08dbb3.png,Jordan Amavi,DF,https://fbref.com/req/202302030/images/headshots/22721b88_2022.jpg,fr FRA,30
Brest,https://cdn.ssref.net/req/202409272/tlogo/fb/fb08dbb3.png,Jonas Martin,MF,https://fbref.com/req/202302030/images/headshots/468fdbad_2022.jpg,fr FRA,34
Brest,https://cdn.ssref.net/req/202409272/tlogo/fb/fb08dbb3.png,Mathias Pereira Lage,MF,https://fbref.com/req/202302030/images/headshots/8846a40f_2022.jpg,pt POR,27
Brest,https://cdn.ssref.net/req/202409272/tlogo/fb/fb08dbb3.png,Romain Faivre,MF,https://fbref.com/req/202302030/images/headshots/745ca0a3_2022.jpg,fr FRA,26
Brest,https://cdn.ssref.net/req/202409272/tlogo/fb/fb08dbb3.png,Massadio Haïdara,DF,https://fbref.com/req/202302030/images/headshots/5167c97e_2022.jpg,ml MLI,31
Brest,https://cdn.ssref.net/req/202409272/tlogo/fb/fb08dbb3.png,Abdallah Sima,FW,https://fbref.com/req/202302030/images/headshots/fdbde523_2022.jpg,sn SEN,23
Brest,https://cdn.ssref.net/req/202409272/tlogo/fb/fb08dbb3.png,Kamory Doumbia,MF,https://fbref.com/req/202302030/images/headshots/9226aa22_2022.jpg,ml MLI,21
Brest,https://cdn.ssref.net/req/202409272/tlogo/fb/fb08dbb3.png,Mama Samba Baldé,FW,https://fbref.com/req/202302030/images/headshots/fb14aa28_2022.jpg,gw GNB,28
Brest,https://cdn.ssref.net/req/202409272/tlogo/fb/fb08dbb3.png,Abdoulaye Niakhate Ndiaye,DF,https://img.freepik.com/free-vector/blue-circle-with-white-user_78370-4707.jpg?t=st=1726169296~exp=1726172896~hmac=c369fdbb9efe89fcdb13b0bd15bc6b62b3db3fad7e4b8a52064909e6b818e930&w=826,sn SEN,22
Brest,https://cdn.ssref.net/req/202409272/tlogo/fb/fb08dbb3.png,Edimilson Fernandes,MF,https://fbref.com/req/202302030/images/headshots/3bb625ac_2022.jpg,ch SUI,28
Brest,https://cdn.ssref.net/req/202409272/tlogo/fb/fb08dbb3.png,Soumaïla Coulibaly,DF,https://fbref.com/req/202302030/images/headshots/9dff291c_2022.jpg,fr FRA,20
Brest,https://cdn.ssref.net/req/202409272/tlogo/fb/fb08dbb3.png,Ibrahim Salah,FW,https://fbref.com/req/202302030/images/headshots/cad3fd4d_2022.jpg,ma MAR,23
Brest,https://cdn.ssref.net/req/202409272/tlogo/fb/fb08dbb3.png,Luc Zogbé,DF,https://fbref.com/req/202302030/images/headshots/3725b44f_2022.jpg,ci CIV,19
Brest,https://cdn.ssref.net/req/202409272/tlogo/fb/fb08dbb3.png,Jérémy Le Douaron,FW,https://fbref.com/req/202302030/images/headshots/88c4d190_2022.jpg,fr FRA,26
Brest,https://cdn.ssref.net/req/202409272/tlogo/fb/fb08dbb3.png,Pierre Lees-Melou,MF,https://fbref.com/req/202302030/images/headshots/f5044e54_2022.jpg,fr FRA,31
Brest,https://cdn.ssref.net/req/202409272/tlogo/fb/fb08dbb3.png,Axel Camblan,MF,https://fbref.com/req/202302030/images/headshots/9f4a940f_2022.jpg,fr FRA,21
Brest,https://cdn.ssref.net/req/202409272/tlogo/fb/fb08dbb3.png,Hianga Mananga Mbock,MF,https://fbref.com/req/202302030/images/headshots/0f86995c_2022.jpg,fr FRA,24
Brest,https://cdn.ssref.net/req/202409272/tlogo/fb/fb08dbb3.png,Léo Botz,FW,https://img.freepik.com/free-vector/blue-circle-with-white-user_78370-4707.jpg?t=st=1726169296~exp=1726172896~hmac=c369fdbb9efe89fcdb13b0bd15bc6b62b3db3fad7e4b8a52064909e6b818e930&w=826,fr FRA,19
Brest,https://cdn.ssref.net/req/202409272/tlogo/fb/fb08dbb3.png,Grégoire Coudert,GK,https://fbref.com/req/202302030/images/headshots/ca95200f_2022.jpg,fr FRA,25
Brest,https://cdn.ssref.net/req/202409272/tlogo/fb/fb08dbb3.png,Achraf Dari,DF,https://fbref.com/req/202302030/images/headshots/5069b796_2022.jpg,ma MAR,25
Brest,https://cdn.ssref.net/req/202409272/tlogo/fb/fb08dbb3.png,Sérigné Diop,FW,https://img.freepik.com/free-vector/blue-circle-with-white-user_78370-4707.jpg?t=st=1726169296~exp=1726172896~hmac=c369fdbb9efe89fcdb13b0bd15bc6b62b3db3fad7e4b8a52064909e6b818e930&w=826,sn SEN,19
Brest,https://cdn.ssref.net/req/202409272/tlogo/fb/fb08dbb3.png,Ibrahim Kanté,MF,https://img.freepik.com/free-vector/blue-circle-with-white-user_78370-4707.jpg?t=st=1726169296~exp=1726172896~hmac=c369fdbb9efe89fcdb13b0bd15bc6b62b3db3fad7e4b8a52064909e6b818e930&w=826,fr FRA,17
Rennes,https://cdn.ssref.net/req/202409272/tlogo/fb/b3072e00.png,Steve Mandanda,GK,https://fbref.com/req/202302030/images/headshots/1d2d5cc8_2022.jpg,fr FRA,39
Rennes,https://cdn.ssref.net/req/202409272/tlogo/fb/b3072e00.png,Azor Matusiwa,MF,https://fbref.com/req/202302030/images/headshots/a17a94d6_2022.jpg,nl NED,26
Rennes,https://cdn.ssref.net/req/202409272/tlogo/fb/b3072e00.png,Ludovic Blas,FW,https://fbref.com/req/202302030/images/headshots/6191093d_2022.jpg,fr FRA,26
Rennes,https://cdn.ssref.net/req/202409272/tlogo/fb/b3072e00.png,Christopher Wooh,DF,https://fbref.com/req/202302030/images/headshots/b003239d_2022.jpg,cm CMR,23
Rennes,https://cdn.ssref.net/req/202409272/tlogo/fb/b3072e00.png,Alidu Seidu,DF,https://fbref.com/req/202302030/images/headshots/cea59f02_2022.jpg,gh GHA,24
Rennes,https://cdn.ssref.net/req/202409272/tlogo/fb/b3072e00.png,Adrien Truffert,DF,https://fbref.com/req/202302030/images/headshots/5d0e0a1f_2022.jpg,fr FRA,22
Rennes,https://cdn.ssref.net/req/202409272/tlogo/fb/b3072e00.png,Albert Grønbaek,MF,https://img.freepik.com/free-vector/blue-circle-with-white-user_78370-4707.jpg?t=st=1726169296~exp=1726172896~hmac=c369fdbb9efe89fcdb13b0bd15bc6b62b3db3fad7e4b8a52064909e6b818e930&w=826,dk DEN,23
Rennes,https://cdn.ssref.net/req/202409272/tlogo/fb/b3072e00.png,Leo Skiri Østigård,DF,https://fbref.com/req/202302030/images/headshots/b35a7399_2022.jpg,no NOR,24
Rennes,https://cdn.ssref.net/req/202409272/tlogo/fb/b3072e00.png,Lorenz Assignon,DF,https://fbref.com/req/202302030/images/headshots/b026bbf6_2022.jpg,tg TOG,24
Rennes,https://cdn.ssref.net/req/202409272/tlogo/fb/b3072e00.png,Arnaud Kalimuendo,FW,https://fbref.com/req/202302030/images/headshots/bf4c41f9_2022.jpg,fr FRA,22
Rennes,https://cdn.ssref.net/req/202409272/tlogo/fb/b3072e00.png,Amine Gouiri,FW,https://fbref.com/req/202302030/images/headshots/aad56ca3_2022.jpg,dz ALG,24
Rennes,https://cdn.ssref.net/req/202409272/tlogo/fb/b3072e00.png,Hans Hateboer,DF,https://fbref.com/req/202302030/images/headshots/3b333ac3_2022.jpg,nl NED,30
Rennes,https://cdn.ssref.net/req/202409272/tlogo/fb/b3072e00.png,Glen Kamara,MF,https://fbref.com/req/202302030/images/headshots/4da9191b_2022.jpg,fi FIN,28
Rennes,https://cdn.ssref.net/req/202409272/tlogo/fb/b3072e00.png,Baptiste Santamaria,MF,https://fbref.com/req/202302030/images/headshots/5e22e2a4_2022.jpg,fr FRA,29
Rennes,https://cdn.ssref.net/req/202409272/tlogo/fb/b3072e00.png,Mikayil Ngor Faye,DF,https://fbref.com/req/202302030/images/headshots/b37ae816_2022.jpg,sn SEN,20
Rennes,https://cdn.ssref.net/req/202409272/tlogo/fb/b3072e00.png,Benjamin Bourigeaud,MF,https://fbref.com/req/202302030/images/headshots/20e73fac_2022.jpg,fr FRA,30
Rennes,https://cdn.ssref.net/req/202409272/tlogo/fb/b3072e00.png,Henrik Meister,FW,https://img.freepik.com/free-vector/blue-circle-with-white-user_78370-4707.jpg?t=st=1726169296~exp=1726172896~hmac=c369fdbb9efe89fcdb13b0bd15bc6b62b3db3fad7e4b8a52064909e6b818e930&w=826,dk DEN,20
Rennes,https://cdn.ssref.net/req/202409272/tlogo/fb/b3072e00.png,Carlos Gómez,MF,https://fbref.com/req/202302030/images/headshots/76a82373_2022.jpg,co COL,22
Rennes,https://cdn.ssref.net/req/202409272/tlogo/fb/b3072e00.png,Jota,FW,https://fbref.com/req/202302030/images/headshots/2b65fe46_2022.jpg,pt POR,25
Rennes,https://cdn.ssref.net/req/202409272/tlogo/fb/b3072e00.png,Mahamadou Nagida,MF,https://fbref.com/req/202302030/images/headshots/8bfbf257_2022.jpg,cm CMR,19
Rennes,https://cdn.ssref.net/req/202409272/tlogo/fb/b3072e00.png,Jordan James,MF,https://fbref.com/req/202302030/images/headshots/f719ad7f_2022.jpg,wls WAL,20
Rennes,https://cdn.ssref.net/req/202409272/tlogo/fb/b3072e00.png,Naouirou Ahamada,MF,https://fbref.com/req/202302030/images/headshots/a6c58494_2022.jpg,fr FRA,22
Rennes,https://cdn.ssref.net/req/202409272/tlogo/fb/b3072e00.png,Djaoui Cissé,MF,https://fbref.com/req/202302030/images/headshots/576ca93f_2022.jpg,fr FRA,20
Rennes,https://cdn.ssref.net/req/202409272/tlogo/fb/b3072e00.png,Alan Do Marcolino,FW,https://fbref.com/req/202302030/images/headshots/1bd5bdc4_2022.jpg,ga GAB,22
Rennes,https://cdn.ssref.net/req/202409272/tlogo/fb/b3072e00.png,Gauthier Gallon,GK,https://fbref.com/req/202302030/images/headshots/db3164e1_2022.jpg,fr FRA,31
Rennes,https://cdn.ssref.net/req/202409272/tlogo/fb/b3072e00.png,Warmed Omari,DF,https://fbref.com/req/202302030/images/headshots/4534a352_2022.jpg,km COM,24
Saint-Étienne,https://cdn.ssref.net/req/202409272/tlogo/fb/d298ef2c.png,Dylan Batubinsika,DF,https://fbref.com/req/202302030/images/headshots/37d39918_2022.jpg,cd COD,28
Saint-Étienne,https://cdn.ssref.net/req/202409272/tlogo/fb/d298ef2c.png,Gautier Larsonneur,GK,https://fbref.com/req/202302030/images/headshots/b49729cb_2022.jpg,fr FRA,27
Saint-Étienne,https://cdn.ssref.net/req/202409272/tlogo/fb/d298ef2c.png,Zuriko Davitashvili,MF,https://fbref.com/req/202302030/images/headshots/88b4d2e3_2022.jpg,ge GEO,23
Saint-Étienne,https://cdn.ssref.net/req/202409272/tlogo/fb/d298ef2c.png,Mathis Amougou,MF,https://fbref.com/req/202302030/images/headshots/f93cca97_2022.jpg,fr FRA,18
Saint-Étienne,https://cdn.ssref.net/req/202409272/tlogo/fb/d298ef2c.png,Ibrahim Sissoko,FW,https://fbref.com/req/202302030/images/headshots/a170541f_2022.jpg,ml MLI,28
Saint-Étienne,https://cdn.ssref.net/req/202409272/tlogo/fb/d298ef2c.png,Yunis Abdelhamid,DF,https://fbref.com/req/202302030/images/headshots/32c2d95f_2022.jpg,ma MAR,37
Saint-Étienne,https://cdn.ssref.net/req/202409272/tlogo/fb/d298ef2c.png,Mathieu Cafaro,MF,https://fbref.com/req/202302030/images/headshots/2a657da0_2022.jpg,fr FRA,27
Saint-Étienne,https://cdn.ssref.net/req/202409272/tlogo/fb/d298ef2c.png,Dennis Appiah,DF,https://fbref.com/req/202302030/images/headshots/feb5d3ab_2022.jpg,fr FRA,32
Saint-Étienne,https://cdn.ssref.net/req/202409272/tlogo/fb/d298ef2c.png,Ben Old,MF,https://fbref.com/req/202302030/images/headshots/e14e818c_2022.jpg,nz NZL,22
Saint-Étienne,https://cdn.ssref.net/req/202409272/tlogo/fb/d298ef2c.png,Pierre Ekwah Elimby,MF,https://fbref.com/req/202302030/images/headshots/830371be_2022.jpg,fr FRA,22
Saint-Étienne,https://cdn.ssref.net/req/202409272/tlogo/fb/d298ef2c.png,Aimen Moueffek,MF,https://fbref.com/req/202302030/images/headshots/2591b066_2022.jpg,fr FRA,23
Saint-Étienne,https://cdn.ssref.net/req/202409272/tlogo/fb/d298ef2c.png,Pierre Cornud,DF,https://fbref.com/req/202302030/images/headshots/edeb21ff_2022.jpg,fr FRA,27
Saint-Étienne,https://cdn.ssref.net/req/202409272/tlogo/fb/d298ef2c.png,Léo Pétrot,DF,https://img.freepik.com/free-vector/blue-circle-with-white-user_78370-4707.jpg?t=st=1726169296~exp=1726172896~hmac=c369fdbb9efe89fcdb13b0bd15bc6b62b3db3fad7e4b8a52064909e6b818e930&w=826,fr FRA,27
Saint-Étienne,https://cdn.ssref.net/req/202409272/tlogo/fb/d298ef2c.png,Mickael Nade,DF,https://img.freepik.com/free-vector/blue-circle-with-white-user_78370-4707.jpg?t=st=1726169296~exp=1726172896~hmac=c369fdbb9efe89fcdb13b0bd15bc6b62b3db3fad7e4b8a52064909e6b818e930&w=826,fr FRA,25
Saint-Étienne,https://cdn.ssref.net/req/202409272/tlogo/fb/d298ef2c.png,Florian Tardieu,MF,https://fbref.com/req/202302030/images/headshots/ed39121c_2022.jpg,fr FRA,32
Saint-Étienne,https://cdn.ssref.net/req/202409272/tlogo/fb/d298ef2c.png,Lucas Stassin,FW,https://img.freepik.com/free-vector/blue-circle-with-white-user_78370-4707.jpg?t=st=1726169296~exp=1726172896~hmac=c369fdbb9efe89fcdb13b0bd15bc6b62b3db3fad7e4b8a52064909e6b818e930&w=826,be BEL,19
Saint-Étienne,https://cdn.ssref.net/req/202409272/tlogo/fb/d298ef2c.png,Yvann Macon,DF,https://fbref.com/req/202302030/images/headshots/0bb6e193_2022.jpg,fr FRA,26
Saint-Étienne,https://cdn.ssref.net/req/202409272/tlogo/fb/d298ef2c.png,Marwann Nzuzi,DF,https://img.freepik.com/free-vector/blue-circle-with-white-user_78370-4707.jpg?t=st=1726169296~exp=1726172896~hmac=c369fdbb9efe89fcdb13b0bd15bc6b62b3db3fad7e4b8a52064909e6b818e930&w=826,fr FRA,20
Saint-Étienne,https://cdn.ssref.net/req/202409272/tlogo/fb/d298ef2c.png,Beres Owusu,DF,https://img.freepik.com/free-vector/blue-circle-with-white-user_78370-4707.jpg?t=st=1726169296~exp=1726172896~hmac=c369fdbb9efe89fcdb13b0bd15bc6b62b3db3fad7e4b8a52064909e6b818e930&w=826,fr FRA,21
Saint-Étienne,https://cdn.ssref.net/req/202409272/tlogo/fb/d298ef2c.png,Ayman Aiki,FW,https://img.freepik.com/free-vector/blue-circle-with-white-user_78370-4707.jpg?t=st=1726169296~exp=1726172896~hmac=c369fdbb9efe89fcdb13b0bd15bc6b62b3db3fad7e4b8a52064909e6b818e930&w=826,fr FRA,19
Saint-Étienne,https://cdn.ssref.net/req/202409272/tlogo/fb/d298ef2c.png,Lamine Fomba,MF,https://fbref.com/req/202302030/images/headshots/2145368f_2022.jpg,fr FRA,26
Saint-Étienne,https://cdn.ssref.net/req/202409272/tlogo/fb/d298ef2c.png,Augustine Boakye,MF,https://img.freepik.com/free-vector/blue-circle-with-white-user_78370-4707.jpg?t=st=1726169296~exp=1726172896~hmac=c369fdbb9efe89fcdb13b0bd15bc6b62b3db3fad7e4b8a52064909e6b818e930&w=826,gh GHA,23
Saint-Étienne,https://cdn.ssref.net/req/202409272/tlogo/fb/d298ef2c.png,Louis Mouton,MF,https://img.freepik.com/free-vector/blue-circle-with-white-user_78370-4707.jpg?t=st=1726169296~exp=1726172896~hmac=c369fdbb9efe89fcdb13b0bd15bc6b62b3db3fad7e4b8a52064909e6b818e930&w=826,fr FRA,22
Saint-Étienne,https://cdn.ssref.net/req/202409272/tlogo/fb/d298ef2c.png,Ibrahima Wadji,FW,https://fbref.com/req/202302030/images/headshots/c844f6f9_2022.jpg,sn SEN,29
Saint-Étienne,https://cdn.ssref.net/req/202409272/tlogo/fb/d298ef2c.png,Benjamin Bouchouari,MF,https://img.freepik.com/free-vector/blue-circle-with-white-user_78370-4707.jpg?t=st=1726169296~exp=1726172896~hmac=c369fdbb9efe89fcdb13b0bd15bc6b62b3db3fad7e4b8a52064909e6b818e930&w=826,ma MAR,22
Saint-Étienne,https://cdn.ssref.net/req/202409272/tlogo/fb/d298ef2c.png,Kévin Pedro,DF,https://img.freepik.com/free-vector/blue-circle-with-white-user_78370-4707.jpg?t=st=1726169296~exp=1726172896~hmac=c369fdbb9efe89fcdb13b0bd15bc6b62b3db3fad7e4b8a52064909e6b818e930&w=826,fr FRA,18
Saint-Étienne,https://cdn.ssref.net/req/202409272/tlogo/fb/d298ef2c.png,Jibril Othman,FW,https://fbref.com/req/202302030/images/headshots/967bb460_2022.jpg,tn TUN,20
Saint-Étienne,https://cdn.ssref.net/req/202409272/tlogo/fb/d298ef2c.png,Antoine Gauthier,MF,https://img.freepik.com/free-vector/blue-circle-with-white-user_78370-4707.jpg?t=st=1726169296~exp=1726172896~hmac=c369fdbb9efe89fcdb13b0bd15bc6b62b3db3fad7e4b8a52064909e6b818e930&w=826,fr FRA,20
Saint-Étienne,https://cdn.ssref.net/req/202409272/tlogo/fb/d298ef2c.png,Brice Maubleu,GK,https://fbref.com/req/202302030/images/headshots/5748ef07_2022.jpg,fr FRA,34
Saint-Étienne,https://cdn.ssref.net/req/202409272/tlogo/fb/d298ef2c.png,Igor Miladinović,MF,https://fbref.com/req/202302030/images/headshots/3ba938b6_2022.jpg,rs SRB,21
Saint-Étienne,https://cdn.ssref.net/req/202409272/tlogo/fb/d298ef2c.png,Issiaka Touré,GK,https://img.freepik.com/free-vector/blue-circle-with-white-user_78370-4707.jpg?t=st=1726169296~exp=1726172896~hmac=c369fdbb9efe89fcdb13b0bd15bc6b62b3db3fad7e4b8a52064909e6b818e930&w=826,fr FRA,19
Auxerre,https://cdn.ssref.net/req/202409272/tlogo/fb/5ae09109.png,Donovan Léon,GK,https://fbref.com/req/202302030/images/headshots/51c83a90_2022.jpg,gf GUF,31
Auxerre,https://cdn.ssref.net/req/202409272/tlogo/fb/5ae09109.png,Elisha Owusu,MF,https://fbref.com/req/202302030/images/headshots/e2781082_2022.jpg,gh GHA,26
Auxerre,https://cdn.ssref.net/req/202409272/tlogo/fb/5ae09109.png,Lassine Sinayoko,FW,https://fbref.com/req/202302030/images/headshots/5e5249c8_2022.jpg,ml MLI,24
Auxerre,https://cdn.ssref.net/req/202409272/tlogo/fb/5ae09109.png,Gabriel Osho,DF,https://fbref.com/req/202302030/images/headshots/cd889153_2022.jpg,ng NGA,26
Auxerre,https://cdn.ssref.net/req/202409272/tlogo/fb/5ae09109.png,Jubal,DF,https://fbref.com/req/202302030/images/headshots/56ae428b_2022.jpg,br BRA,31
Auxerre,https://cdn.ssref.net/req/202409272/tlogo/fb/5ae09109.png,Clément Akpa,DF,https://img.freepik.com/free-vector/blue-circle-with-white-user_78370-4707.jpg?t=st=1726169296~exp=1726172896~hmac=c369fdbb9efe89fcdb13b0bd15bc6b62b3db3fad7e4b8a52064909e6b818e930&w=826,ci CIV,22
Auxerre,https://cdn.ssref.net/req/202409272/tlogo/fb/5ae09109.png,Hamed Junior Traorè,MF,https://fbref.com/req/202302030/images/headshots/570bb4b9_2022.jpg,ci CIV,24
Auxerre,https://cdn.ssref.net/req/202409272/tlogo/fb/5ae09109.png,Ki-Jana Hoever,DF,https://fbref.com/req/202302030/images/headshots/9a71e978_2022.jpg,nl NED,22
Auxerre,https://cdn.ssref.net/req/202409272/tlogo/fb/5ae09109.png,Paul Joly,DF,https://img.freepik.com/free-vector/blue-circle-with-white-user_78370-4707.jpg?t=st=1726169296~exp=1726172896~hmac=c369fdbb9efe89fcdb13b0bd15bc6b62b3db3fad7e4b8a52064909e6b818e930&w=826,fr FRA,24
Auxerre,https://cdn.ssref.net/req/202409272/tlogo/fb/5ae09109.png,Rayan Raveloson,MF,https://fbref.com/req/202302030/images/headshots/fb3236a7_2022.jpg,mg MAD,27
Auxerre,https://cdn.ssref.net/req/202409272/tlogo/fb/5ae09109.png,Sinaly Diomande,DF,https://fbref.com/req/202302030/images/headshots/6de23ab0_2022.jpg,ci CIV,23
Auxerre,https://cdn.ssref.net/req/202409272/tlogo/fb/5ae09109.png,Gaëtan Perrin,MF,https://fbref.com/req/202302030/images/headshots/10dd88f9_2022.jpg,fr FRA,28
Auxerre,https://cdn.ssref.net/req/202409272/tlogo/fb/5ae09109.png,Ado Onaiwu,FW,https://fbref.com/req/202302030/images/headshots/ff4df82e_2022.jpg,jp JPN,28
Auxerre,https://cdn.ssref.net/req/202409272/tlogo/fb/5ae09109.png,Kévin Danois,MF,https://fbref.com/req/202302030/images/headshots/e76f6fbe_2022.jpg,fr FRA,20
Auxerre,https://cdn.ssref.net/req/202409272/tlogo/fb/5ae09109.png,Theo Bair,FW,https://fbref.com/req/202302030/images/headshots/c724745e_2022.jpg,ca CAN,25
Auxerre,https://cdn.ssref.net/req/202409272/tlogo/fb/5ae09109.png,Florian Ayé,FW,https://img.freepik.com/free-vector/blue-circle-with-white-user_78370-4707.jpg?t=st=1726169296~exp=1726172896~hmac=c369fdbb9efe89fcdb13b0bd15bc6b62b3db3fad7e4b8a52064909e6b818e930&w=826,fr FRA,27
Auxerre,https://cdn.ssref.net/req/202409272/tlogo/fb/5ae09109.png,Gideon Mensah,DF,https://fbref.com/req/202302030/images/headshots/9bdd8118_2022.jpg,gh GHA,26
Auxerre,https://cdn.ssref.net/req/202409272/tlogo/fb/5ae09109.png,Théo Pellenard,DF,https://fbref.com/req/202302030/images/headshots/97fb4608_2022.jpg,fr FRA,30
Auxerre,https://cdn.ssref.net/req/202409272/tlogo/fb/5ae09109.png,Lasso Coulibaly,FW,https://img.freepik.com/free-vector/blue-circle-with-white-user_78370-4707.jpg?t=st=1726169296~exp=1726172896~hmac=c369fdbb9efe89fcdb13b0bd15bc6b62b3db3fad7e4b8a52064909e6b818e930&w=826,gh GHA,21
Auxerre,https://cdn.ssref.net/req/202409272/tlogo/fb/5ae09109.png,Eros Maddy,DF,https://img.freepik.com/free-vector/blue-circle-with-white-user_78370-4707.jpg?t=st=1726169296~exp=1726172896~hmac=c369fdbb9efe89fcdb13b0bd15bc6b62b3db3fad7e4b8a52064909e6b818e930&w=826,nl NED,23
Auxerre,https://cdn.ssref.net/req/202409272/tlogo/fb/5ae09109.png,Assane Dioussé,MF,https://fbref.com/req/202302030/images/headshots/7f622eef_2022.jpg,sn SEN,27
Auxerre,https://cdn.ssref.net/req/202409272/tlogo/fb/5ae09109.png,Aristide Zossou,MF,https://img.freepik.com/free-vector/blue-circle-with-white-user_78370-4707.jpg?t=st=1726169296~exp=1726172896~hmac=c369fdbb9efe89fcdb13b0bd15bc6b62b3db3fad7e4b8a52064909e6b818e930&w=826,ci CIV,19
Auxerre,https://cdn.ssref.net/req/202409272/tlogo/fb/5ae09109.png,Ben Viadere,MF,https://img.freepik.com/free-vector/blue-circle-with-white-user_78370-4707.jpg?t=st=1726169296~exp=1726172896~hmac=c369fdbb9efe89fcdb13b0bd15bc6b62b3db3fad7e4b8a52064909e6b818e930&w=826,fr FRA,19
Auxerre,https://cdn.ssref.net/req/202409272/tlogo/fb/5ae09109.png,Raphaël Adiceam,GK,https://fbref.com/req/202302030/images/headshots/506662d6_2022.jpg,fr FRA,34
Auxerre,https://cdn.ssref.net/req/202409272/tlogo/fb/5ae09109.png,Théo De Percin,GK,https://fbref.com/req/202302030/images/headshots/afbb55d2_2022.jpg,mq MTQ,23
Auxerre,https://cdn.ssref.net/req/202409272/tlogo/fb/5ae09109.png,Madiou Keïta,DF,https://img.freepik.com/free-vector/blue-circle-with-white-user_78370-4707.jpg?t=st=1726169296~exp=1726172896~hmac=c369fdbb9efe89fcdb13b0bd15bc6b62b3db3fad7e4b8a52064909e6b818e930&w=826,gn GUI,20
Auxerre,https://cdn.ssref.net/req/202409272/tlogo/fb/5ae09109.png,Victor Mayela,DF,https://img.freepik.com/free-vector/blue-circle-with-white-user_78370-4707.jpg?t=st=1726169296~exp=1726172896~hmac=c369fdbb9efe89fcdb13b0bd15bc6b62b3db3fad7e4b8a52064909e6b818e930&w=826,fr FRA,20
Auxerre,https://cdn.ssref.net/req/202409272/tlogo/fb/5ae09109.png,Loïc N'Gatta,DF,https://img.freepik.com/free-vector/blue-circle-with-white-user_78370-4707.jpg?t=st=1726169296~exp=1726172896~hmac=c369fdbb9efe89fcdb13b0bd15bc6b62b3db3fad7e4b8a52064909e6b818e930&w=826,fr FRA,20
Le Havre,https://cdn.ssref.net/nocdn/tlogo/fb/5c2737db.png,Arthur Desmas,GK,https://fbref.com/req/202302030/images/headshots/e8c5dd4d_2022.jpg,fr FRA,30
Le Havre,https://cdn.ssref.net/nocdn/tlogo/fb/5c2737db.png,Gautier Lloris,DF,https://fbref.com/req/202302030/images/headshots/ac89503b_2022.jpg,fr FRA,29
Le Havre,https://cdn.ssref.net/nocdn/tlogo/fb/5c2737db.png,Abdoulaye Touré,MF,https://fbref.com/req/202302030/images/headshots/ef7cd87a_2022.jpg,gn GUI,30
Le Havre,https://cdn.ssref.net/nocdn/tlogo/fb/5c2737db.png,Christopher Operi,DF,https://fbref.com/req/202302030/images/headshots/914bb955_2022.jpg,ci CIV,27
Le Havre,https://cdn.ssref.net/nocdn/tlogo/fb/5c2737db.png,Loïc Nego,DF,https://fbref.com/req/202302030/images/headshots/c3b6fa1e_2022.jpg,hu HUN,33
Le Havre,https://cdn.ssref.net/nocdn/tlogo/fb/5c2737db.png,Arouna Sangante,DF,https://fbref.com/req/202302030/images/headshots/17bb562c_2022.jpg,sn SEN,22
Le Havre,https://cdn.ssref.net/nocdn/tlogo/fb/5c2737db.png,Yassine Kechta,MF,https://fbref.com/req/202302030/images/headshots/abefc3af_2022.jpg,ma MAR,22
Le Havre,https://cdn.ssref.net/nocdn/tlogo/fb/5c2737db.png,Josué Casimir,FW,https://fbref.com/req/202302030/images/headshots/481f76cf_2022.jpg,fr FRA,23
Le Havre,https://cdn.ssref.net/nocdn/tlogo/fb/5c2737db.png,Issa Soumaré,FW,https://fbref.com/req/202302030/images/headshots/1d8aa290_2022.jpg,sn SEN,24
Le Havre,https://cdn.ssref.net/nocdn/tlogo/fb/5c2737db.png,Oussama Targhalline,MF,https://fbref.com/req/202302030/images/headshots/abd56820_2022.jpg,ma MAR,22
Le Havre,https://cdn.ssref.net/nocdn/tlogo/fb/5c2737db.png,Etienne Youte Kinkoue,DF,https://fbref.com/req/202302030/images/headshots/12a4e38c_2022.jpg,fr FRA,22
Le Havre,https://cdn.ssref.net/nocdn/tlogo/fb/5c2737db.png,Rassoul Ndiaye,MF,https://fbref.com/req/202302030/images/headshots/36f65bdf_2022.jpg,sn SEN,22
Le Havre,https://cdn.ssref.net/nocdn/tlogo/fb/5c2737db.png,Daler Kuzyaev,MF,https://fbref.com/req/202302030/images/headshots/d4e93bab_2022.jpg,ru RUS,31
Le Havre,https://cdn.ssref.net/nocdn/tlogo/fb/5c2737db.png,Antoine Joujou,MF,https://fbref.com/req/202302030/images/headshots/f9124307_2022.jpg,fr FRA,21
Le Havre,https://cdn.ssref.net/nocdn/tlogo/fb/5c2737db.png,Yoann Salmier,DF,https://fbref.com/req/202302030/images/headshots/c3725db2_2022.jpg,gf GUF,31
Le Havre,https://cdn.ssref.net/nocdn/tlogo/fb/5c2737db.png,Emmanuel Sabbi,MF,https://fbref.com/req/202302030/images/headshots/2e1b7c83_2022.jpg,us USA,26
Le Havre,https://cdn.ssref.net/nocdn/tlogo/fb/5c2737db.png,Yanis Zouaoui,DF,https://fbref.com/req/202302030/images/headshots/ec724366_2022.jpg,dz ALG,30
Le Havre,https://cdn.ssref.net/nocdn/tlogo/fb/5c2737db.png,Ilyes Housni,FW,https://img.freepik.com/free-vector/blue-circle-with-white-user_78370-4707.jpg?t=st=1726169296~exp=1726172896~hmac=c369fdbb9efe89fcdb13b0bd15bc6b62b3db3fad7e4b8a52064909e6b818e930&w=826,fr FRA,19
Le Havre,https://cdn.ssref.net/nocdn/tlogo/fb/5c2737db.png,Steve Ngoura,FW,https://fbref.com/req/202302030/images/headshots/731f1f5a_2022.jpg,fr FRA,19
Le Havre,https://cdn.ssref.net/nocdn/tlogo/fb/5c2737db.png,Samuel Grandsir,MF,https://fbref.com/req/202302030/images/headshots/d2448564_2022.jpg,fr FRA,28
Le Havre,https://cdn.ssref.net/nocdn/tlogo/fb/5c2737db.png,Kandet Diawara,FW,https://img.freepik.com/free-vector/blue-circle-with-white-user_78370-4707.jpg?t=st=1726169296~exp=1726172896~hmac=c369fdbb9efe89fcdb13b0bd15bc6b62b3db3fad7e4b8a52064909e6b818e930&w=826,gn GUI,24
Le Havre,https://cdn.ssref.net/nocdn/tlogo/fb/5c2737db.png,Mathéo Bodmer,DF,https://fbref.com/req/202302030/images/headshots/c4c45a88_2022.jpg,fr FRA,20
Le Havre,https://cdn.ssref.net/nocdn/tlogo/fb/5c2737db.png,Ismaïl Bouneb,MF,https://fbref.com/req/202302030/images/headshots/9921f617_2022.jpg,fr FRA,18
Le Havre,https://cdn.ssref.net/nocdn/tlogo/fb/5c2737db.png,Mathieu Gorgelin,GK,https://fbref.com/req/202302030/images/headshots/4d3e9033_2022.jpg,fr FRA,34
Le Havre,https://cdn.ssref.net/nocdn/tlogo/fb/5c2737db.png,Daren Mosengo,MF,https://img.freepik.com/free-vector/blue-circle-with-white-user_78370-4707.jpg?t=st=1726169296~exp=1726172896~hmac=c369fdbb9efe89fcdb13b0bd15bc6b62b3db3fad7e4b8a52064909e6b818e930&w=826,fr FRA,18
Le Havre,https://cdn.ssref.net/nocdn/tlogo/fb/5c2737db.png,Timothee Pembele,DF,https://fbref.com/req/202302030/images/headshots/f8ce97ca_2022.jpg,fr FRA,22
Toulouse,https://cdn.ssref.net/req/202409272/tlogo/fb/3f8c4b5f.png,Guillaume Restes,GK,https://fbref.com/req/202302030/images/headshots/6b91b999_2022.jpg,fr FRA,19
Toulouse,https://cdn.ssref.net/req/202409272/tlogo/fb/3f8c4b5f.png,Rasmus Nicolaisen,DF,https://fbref.com/req/202302030/images/headshots/3f319bb9_2022.jpg,dk DEN,27
Toulouse,https://cdn.ssref.net/req/202409272/tlogo/fb/3f8c4b5f.png,Yann Gboho,MF,https://fbref.com/req/202302030/images/headshots/6be41a31_2022.jpg,fr FRA,23
Toulouse,https://cdn.ssref.net/req/202409272/tlogo/fb/3f8c4b5f.png,Vincent Sierro,MF,https://fbref.com/req/202302030/images/headshots/92ffb8f9_2022.jpg,ch SUI,29
Toulouse,https://cdn.ssref.net/req/202409272/tlogo/fb/3f8c4b5f.png,Cristian Cásseres Jr.,MF,https://fbref.com/req/202302030/images/headshots/f86fe8c1_2022.jpg,ve VEN,24
Toulouse,https://cdn.ssref.net/req/202409272/tlogo/fb/3f8c4b5f.png,Zakaria Aboukhlal,MF,https://fbref.com/req/202302030/images/headshots/c2a6033c_2022.jpg,ma MAR,24
Toulouse,https://cdn.ssref.net/req/202409272/tlogo/fb/3f8c4b5f.png,Aron Dønnum,DF,https://fbref.com/req/202302030/images/headshots/10cff752_2022.jpg,no NOR,26
Toulouse,https://cdn.ssref.net/req/202409272/tlogo/fb/3f8c4b5f.png,Mark McKenzie,DF,https://fbref.com/req/202302030/images/headshots/a5f5d094_2022.jpg,us USA,25
Toulouse,https://cdn.ssref.net/req/202409272/tlogo/fb/3f8c4b5f.png,Waren Kamanzi,DF,https://fbref.com/req/202302030/images/headshots/a426a912_2022.jpg,no NOR,23
Toulouse,https://cdn.ssref.net/req/202409272/tlogo/fb/3f8c4b5f.png,Djibril Sidibé,DF,https://fbref.com/req/202302030/images/headshots/4c5b714f_2022.jpg,fr FRA,32
Toulouse,https://cdn.ssref.net/req/202409272/tlogo/fb/3f8c4b5f.png,Charlie Cresswell,DF,https://fbref.com/req/202302030/images/headshots/4654e5f5_2022.jpg,eng ENG,22
Toulouse,https://cdn.ssref.net/req/202409272/tlogo/fb/3f8c4b5f.png,Frank Magri,FW,https://fbref.com/req/202302030/images/headshots/42fdb11d_2022.jpg,cm CMR,25
Toulouse,https://cdn.ssref.net/req/202409272/tlogo/fb/3f8c4b5f.png,Gabriel Suazo,DF,https://fbref.com/req/202302030/images/headshots/39b326ed_2022.jpg,cl CHI,27
Toulouse,https://cdn.ssref.net/req/202409272/tlogo/fb/3f8c4b5f.png,Shavy Babicka,MF,https://fbref.com/req/202302030/images/headshots/c6f0d5d4_2022.jpg,ga GAB,24
Toulouse,https://cdn.ssref.net/req/202409272/tlogo/fb/3f8c4b5f.png,Joshua King,FW,https://fbref.com/req/202302030/images/headshots/43458538_2022.jpg,no NOR,32
Toulouse,https://cdn.ssref.net/req/202409272/tlogo/fb/3f8c4b5f.png,Niklas Schmidt,MF,https://fbref.com/req/202302030/images/headshots/b9ae8560_2022.jpg,de GER,26
Toulouse,https://cdn.ssref.net/req/202409272/tlogo/fb/3f8c4b5f.png,Logan Costa,DF,https://fbref.com/req/202302030/images/headshots/bfb2056e_2022.jpg,cv CPV,23
Toulouse,https://cdn.ssref.net/req/202409272/tlogo/fb/3f8c4b5f.png,Ümit Akdag,DF,https://img.freepik.com/free-vector/blue-circle-with-white-user_78370-4707.jpg?t=st=1726169296~exp=1726172896~hmac=c369fdbb9efe89fcdb13b0bd15bc6b62b3db3fad7e4b8a52064909e6b818e930&w=826,ro ROU,21
Toulouse,https://cdn.ssref.net/req/202409272/tlogo/fb/3f8c4b5f.png,Miha Zajc,MF,https://fbref.com/req/202302030/images/headshots/83e4643e_2022.jpg,si SVN,30
Toulouse,https://cdn.ssref.net/req/202409272/tlogo/fb/3f8c4b5f.png,Jaydee Canvot,DF,https://img.freepik.com/free-vector/blue-circle-with-white-user_78370-4707.jpg?t=st=1726169296~exp=1726172896~hmac=c369fdbb9efe89fcdb13b0bd15bc6b62b3db3fad7e4b8a52064909e6b818e930&w=826,fr FRA,18
Toulouse,https://cdn.ssref.net/req/202409272/tlogo/fb/3f8c4b5f.png,Naatan Skyttä,FW,https://fbref.com/req/202302030/images/headshots/d7547531_2022.jpg,fi FIN,22
Toulouse,https://cdn.ssref.net/req/202409272/tlogo/fb/3f8c4b5f.png,Denis Genreau,MF,https://fbref.com/req/202302030/images/headshots/badcdcae_2022.jpg,au AUS,25
Toulouse,https://cdn.ssref.net/req/202409272/tlogo/fb/3f8c4b5f.png,Mamady Bangré,MF,https://fbref.com/req/202302030/images/headshots/69e930e4_2022.jpg,bf BFA,23
Toulouse,https://cdn.ssref.net/req/202409272/tlogo/fb/3f8c4b5f.png,Álex Domínguez,GK,https://fbref.com/req/202302030/images/headshots/f240be08_2022.jpg,es ESP,26
Toulouse,https://cdn.ssref.net/req/202409272/tlogo/fb/3f8c4b5f.png,Dayann Methalie,DF,https://img.freepik.com/free-vector/blue-circle-with-white-user_78370-4707.jpg?t=st=1726169296~exp=1726172896~hmac=c369fdbb9efe89fcdb13b0bd15bc6b62b3db3fad7e4b8a52064909e6b818e930&w=826,fr FRA,18
Montpellier,https://cdn.ssref.net/req/202409272/tlogo/fb/281b0e73.png,Modibo Sagnan,DF,https://fbref.com/req/202302030/images/headshots/76d679c7_2022.jpg,ml MLI,25
Montpellier,https://cdn.ssref.net/req/202409272/tlogo/fb/281b0e73.png,Téji Savanier,MF,https://fbref.com/req/202302030/images/headshots/6bde367b_2022.jpg,fr FRA,32
Montpellier,https://cdn.ssref.net/req/202409272/tlogo/fb/281b0e73.png,Falaye Sacko,DF,https://fbref.com/req/202302030/images/headshots/6388e356_2022.jpg,ml MLI,29
Montpellier,https://cdn.ssref.net/req/202409272/tlogo/fb/281b0e73.png,Akor Adams,FW,https://fbref.com/req/202302030/images/headshots/2ccd39ed_2022.jpg,ng NGA,24
Montpellier,https://cdn.ssref.net/req/202409272/tlogo/fb/281b0e73.png,Arnaud Nordin,FW,https://fbref.com/req/202302030/images/headshots/7b9a9e25_2022.jpg,fr FRA,26
Montpellier,https://cdn.ssref.net/req/202409272/tlogo/fb/281b0e73.png,Becir Omeragic,DF,https://fbref.com/req/202302030/images/headshots/c284d6fb_2022.jpg,ch SUI,22
Montpellier,https://cdn.ssref.net/req/202409272/tlogo/fb/281b0e73.png,Benjamin Lecomte,GK,https://fbref.com/req/202302030/images/headshots/2fa2a875_2022.jpg,fr FRA,33
Montpellier,https://cdn.ssref.net/req/202409272/tlogo/fb/281b0e73.png,Joris Chotard,MF,https://fbref.com/req/202302030/images/headshots/7909ffa4_2022.jpg,fr FRA,23
Montpellier,https://cdn.ssref.net/req/202409272/tlogo/fb/281b0e73.png,Enzo Tchato,DF,https://fbref.com/req/202302030/images/headshots/7f783431_2022.jpg,cm CMR,21
Montpellier,https://cdn.ssref.net/req/202409272/tlogo/fb/281b0e73.png,Rabby Nzingoula,MF,https://fbref.com/req/202302030/images/headshots/627c7a3d_2022.jpg,cg CGO,18
Montpellier,https://cdn.ssref.net/req/202409272/tlogo/fb/281b0e73.png,Tanguy Coulibaly,FW,https://fbref.com/req/202302030/images/headshots/05ba9d7c_2022.jpg,fr FRA,23
Montpellier,https://cdn.ssref.net/req/202409272/tlogo/fb/281b0e73.png,Jordan Ferri,MF,https://fbref.com/req/202302030/images/headshots/375622c5_2022.jpg,fr FRA,32
Montpellier,https://cdn.ssref.net/req/202409272/tlogo/fb/281b0e73.png,Dimitry Bertaud,GK,https://fbref.com/req/202302030/images/headshots/380a15e2_2022.jpg,cd COD,26
Montpellier,https://cdn.ssref.net/req/202409272/tlogo/fb/281b0e73.png,Khalil Fayad,MF,https://fbref.com/req/202302030/images/headshots/faf00ab8_2022.jpg,fr FRA,20
Montpellier,https://cdn.ssref.net/req/202409272/tlogo/fb/281b0e73.png,Lucas Mincarelli,DF,https://fbref.com/req/202302030/images/headshots/02b3733e_2022.jpg,fr FRA,20
Montpellier,https://cdn.ssref.net/req/202409272/tlogo/fb/281b0e73.png,Wahbi Khazri,FW,https://fbref.com/req/202302030/images/headshots/2677a1de_2022.jpg,tn TUN,33
Montpellier,https://cdn.ssref.net/req/202409272/tlogo/fb/281b0e73.png,Musa Al-Taamari,FW,https://fbref.com/req/202302030/images/headshots/f15f8b2b_2022.jpg,jo JOR,27
Montpellier,https://cdn.ssref.net/req/202409272/tlogo/fb/281b0e73.png,Stefan Džodić,DF,https://img.freepik.com/free-vector/blue-circle-with-white-user_78370-4707.jpg?t=st=1726169296~exp=1726172896~hmac=c369fdbb9efe89fcdb13b0bd15bc6b62b3db3fad7e4b8a52064909e6b818e930&w=826,rs SRB,19
Montpellier,https://cdn.ssref.net/req/202409272/tlogo/fb/281b0e73.png,Boubakar Kouyaté,DF,https://fbref.com/req/202302030/images/headshots/562a4799_2022.jpg,ml MLI,27
Montpellier,https://cdn.ssref.net/req/202409272/tlogo/fb/281b0e73.png,Birama Touré,MF,https://fbref.com/req/202302030/images/headshots/a4b798a9_2022.jpg,ml MLI,32
Montpellier,https://cdn.ssref.net/req/202409272/tlogo/fb/281b0e73.png,Yanis Issoufou,FW,https://fbref.com/req/202302030/images/headshots/5d004b30_2022.jpg,fr FRA,17
Montpellier,https://cdn.ssref.net/req/202409272/tlogo/fb/281b0e73.png,Issiaga Sylla,DF,https://fbref.com/req/202302030/images/headshots/b99bec05_2022.jpg,gn GUI,30
Montpellier,https://cdn.ssref.net/req/202409272/tlogo/fb/281b0e73.png,Gabriel Bares,MF,https://img.freepik.com/free-vector/blue-circle-with-white-user_78370-4707.jpg?t=st=1726169296~exp=1726172896~hmac=c369fdbb9efe89fcdb13b0bd15bc6b62b3db3fad7e4b8a52064909e6b818e930&w=826,ch SUI,24
Montpellier,https://cdn.ssref.net/req/202409272/tlogo/fb/281b0e73.png,Axel Gueguin,FW,https://fbref.com/req/202302030/images/headshots/f6857b4f_2022.jpg,fr FRA,19
Montpellier,https://cdn.ssref.net/req/202409272/tlogo/fb/281b0e73.png,Othmane Maamma,FW,https://fbref.com/req/202302030/images/headshots/5bdb4a7b_2022.jpg,fr FRA,19
Montpellier,https://cdn.ssref.net/req/202409272/tlogo/fb/281b0e73.png,Théo Chennahi,DF,https://fbref.com/req/202302030/images/headshots/5a5b785e_2022.jpg,fr FRA,19
Montpellier,https://cdn.ssref.net/req/202409272/tlogo/fb/281b0e73.png,Simon Cara,FW,https://img.freepik.com/free-vector/blue-circle-with-white-user_78370-4707.jpg?t=st=1726169296~exp=1726172896~hmac=c369fdbb9efe89fcdb13b0bd15bc6b62b3db3fad7e4b8a52064909e6b818e930&w=826,fr FRA,19
Montpellier,https://cdn.ssref.net/req/202409272/tlogo/fb/281b0e73.png,Craig Mamilo,DF,https://img.freepik.com/free-vector/blue-circle-with-white-user_78370-4707.jpg?t=st=1726169296~exp=1726172896~hmac=c369fdbb9efe89fcdb13b0bd15bc6b62b3db3fad7e4b8a52064909e6b818e930&w=826,fr FRA,18
Montpellier,https://cdn.ssref.net/req/202409272/tlogo/fb/281b0e73.png,Junior Ndiaye,FW,https://fbref.com/req/202302030/images/headshots/03412e45_2022.jpg,fr FRA,19
Montpellier,https://cdn.ssref.net/req/202409272/tlogo/fb/281b0e73.png,Glenn Ngosso,FW,https://img.freepik.com/free-vector/blue-circle-with-white-user_78370-4707.jpg?t=st=1726169296~exp=1726172896~hmac=c369fdbb9efe89fcdb13b0bd15bc6b62b3db3fad7e4b8a52064909e6b818e930&w=826,cm CMR,20
Angers,https://cdn.ssref.net/req/202409272/tlogo/fb/69236f98.png,Yahia Fofana,GK,https://fbref.com/req/202302030/images/headshots/9d420dad_2022.jpg,ci CIV,24
Angers,https://cdn.ssref.net/req/202409272/tlogo/fb/69236f98.png,Jordan Lefort,DF,https://fbref.com/req/202302030/images/headshots/c3e4ecbb_2022.jpg,fr FRA,31
Angers,https://cdn.ssref.net/req/202409272/tlogo/fb/69236f98.png,Himad Abdelli,MF,https://fbref.com/req/202302030/images/headshots/7978cbf0_2022.jpg,dz ALG,24
Angers,https://cdn.ssref.net/req/202409272/tlogo/fb/69236f98.png,Carlens Arcus,DF,https://fbref.com/req/202302030/images/headshots/5e837126_2022.jpg,ht HAI,28
Angers,https://cdn.ssref.net/req/202409272/tlogo/fb/69236f98.png,Jean-Eudes Aholou,MF,https://fbref.com/req/202302030/images/headshots/48b28bfd_2022.jpg,ci CIV,30
Angers,https://cdn.ssref.net/req/202409272/tlogo/fb/69236f98.png,Florent Hanin,DF,https://fbref.com/req/202302030/images/headshots/6bfb4303_2022.jpg,dz ALG,34
Angers,https://cdn.ssref.net/req/202409272/tlogo/fb/69236f98.png,Farid El Melali,FW,https://fbref.com/req/202302030/images/headshots/d21e361a_2022.jpg,dz ALG,27
Angers,https://cdn.ssref.net/req/202409272/tlogo/fb/69236f98.png,Emmanuel Biumla,DF,https://img.freepik.com/free-vector/blue-circle-with-white-user_78370-4707.jpg?t=st=1726169296~exp=1726172896~hmac=c369fdbb9efe89fcdb13b0bd15bc6b62b3db3fad7e4b8a52064909e6b818e930&w=826,fr FRA,19
Angers,https://cdn.ssref.net/req/202409272/tlogo/fb/69236f98.png,Haris Belkebla,MF,https://fbref.com/req/202302030/images/headshots/2b1bed19_2022.jpg,dz ALG,30
Angers,https://cdn.ssref.net/req/202409272/tlogo/fb/69236f98.png,Yassin Belkhdim,MF,https://fbref.com/req/202302030/images/headshots/e21d1928_2022.jpg,fr FRA,22
Angers,https://cdn.ssref.net/req/202409272/tlogo/fb/69236f98.png,Sidiki Cherif,FW,https://img.freepik.com/free-vector/blue-circle-with-white-user_78370-4707.jpg?t=st=1726169296~exp=1726172896~hmac=c369fdbb9efe89fcdb13b0bd15bc6b62b3db3fad7e4b8a52064909e6b818e930&w=826,fr FRA,17
Angers,https://cdn.ssref.net/req/202409272/tlogo/fb/69236f98.png,Cédric Hountondji,DF,https://fbref.com/req/202302030/images/headshots/00891164_2022.jpg,bj BEN,30
Angers,https://cdn.ssref.net/req/202409272/tlogo/fb/69236f98.png,Abdoulaye Bamba,DF,https://fbref.com/req/202302030/images/headshots/7fecbcdb_2022.jpg,ci CIV,34
Angers,https://cdn.ssref.net/req/202409272/tlogo/fb/69236f98.png,Jacques Ekomie,DF,https://img.freepik.com/free-vector/blue-circle-with-white-user_78370-4707.jpg?t=st=1726169296~exp=1726172896~hmac=c369fdbb9efe89fcdb13b0bd15bc6b62b3db3fad7e4b8a52064909e6b818e930&w=826,ga GAB,21
Angers,https://cdn.ssref.net/req/202409272/tlogo/fb/69236f98.png,Jim Allevinah,FW,https://fbref.com/req/202302030/images/headshots/1956b948_2022.jpg,ga GAB,29
Angers,https://cdn.ssref.net/req/202409272/tlogo/fb/69236f98.png,Bamba Dieng,FW,https://fbref.com/req/202302030/images/headshots/40774c6b_2022.jpg,sn SEN,24
Angers,https://cdn.ssref.net/req/202409272/tlogo/fb/69236f98.png,Zinedine Ferhat,FW,https://fbref.com/req/202302030/images/headshots/005c0807_2022.jpg,dz ALG,31
Angers,https://cdn.ssref.net/req/202409272/tlogo/fb/69236f98.png,Pierrick Capelle,MF,https://fbref.com/req/202302030/images/headshots/79b2399c_2022.jpg,fr FRA,37
Angers,https://cdn.ssref.net/req/202409272/tlogo/fb/69236f98.png,Esteban Lepaul,FW,https://img.freepik.com/free-vector/blue-circle-with-white-user_78370-4707.jpg?t=st=1726169296~exp=1726172896~hmac=c369fdbb9efe89fcdb13b0bd15bc6b62b3db3fad7e4b8a52064909e6b818e930&w=826,fr FRA,24
Angers,https://cdn.ssref.net/req/202409272/tlogo/fb/69236f98.png,Ibrahima Niane,FW,https://fbref.com/req/202302030/images/headshots/46faabfa_2022.jpg,sn SEN,25
Angers,https://cdn.ssref.net/req/202409272/tlogo/fb/69236f98.png,Lilian Raolisoa,DF,https://img.freepik.com/free-vector/blue-circle-with-white-user_78370-4707.jpg?t=st=1726169296~exp=1726172896~hmac=c369fdbb9efe89fcdb13b0bd15bc6b62b3db3fad7e4b8a52064909e6b818e930&w=826,fr FRA,24
Angers,https://cdn.ssref.net/req/202409272/tlogo/fb/69236f98.png,Zinédine Ould Khaled,MF,https://fbref.com/req/202302030/images/headshots/6b4436ba_2022.jpg,fr FRA,24
Angers,https://cdn.ssref.net/req/202409272/tlogo/fb/69236f98.png,Lois Diony,FW,https://fbref.com/req/202302030/images/headshots/4be0b467_2022.jpg,fr FRA,31
Angers,https://cdn.ssref.net/req/202409272/tlogo/fb/69236f98.png,Joseph Lopy,DF,https://fbref.com/req/202302030/images/headshots/3886c982_2022.jpg,sn SEN,32
Angers,https://cdn.ssref.net/req/202409272/tlogo/fb/69236f98.png,Melvin Zinga,GK,https://fbref.com/req/202302030/images/headshots/1d59fe9c_2022.jpg,fr FRA,22
